{
  "train_loss": [
    17.245753811509577,
    16.96762097051445,
    16.889084535800553,
    16.859224973797925,
    16.848315678055023,
    16.84609386617139,
    16.84605087135005,
    16.847314933373607,
    16.849181220250614,
    16.851648653839867,
    16.859063215515466,
    16.854315526838636,
    16.85015441205616,
    16.846319418285475,
    16.84353700492266,
    16.840779284536755,
    16.838322005342068,
    16.836217225708246,
    16.834133361851528,
    16.832205674875706,
    16.830705625082334,
    16.829125039160836,
    16.827626415877567,
    16.826532741122367,
    16.825591371137982,
    16.824211169108924,
    16.823209994458725,
    16.82207515165862,
    16.821585919134986,
    16.820386684218292,
    16.81983827478926,
    16.8185989481969,
    16.817655675911514,
    16.816424608693186,
    16.81559123180099,
    16.81505668641287,
    16.813882181575696,
    16.813455456990408,
    16.812472373659055,
    16.811861702783506,
    16.810840046006497,
    16.809881472542425,
    16.809616074846915,
    16.80882646369844,
    16.80761884850539,
    16.807307482350787,
    16.80588799588963,
    16.80519571456383,
    16.804570085189766,
    16.804027815979733
  ],
  "train_acc": [],
  "val_loss": [
    17.363146450526454,
    17.223990814265594,
    17.20980086985233,
    17.1615874327253,
    17.279778201740303,
    17.182685304300747,
    17.21668904328624,
    17.270832819949835,
    17.26710451258906,
    17.285175685063262,
    17.358050972434967,
    17.250495092994722,
    17.3530366566425,
    17.260607809493493,
    17.268883710672956,
    17.363947260328732,
    17.287318318241667,
    17.323758403591754,
    17.289796184244423,
    17.39368647970064,
    17.244586545737725,
    17.256470822822127,
    17.28175961819468,
    17.28108297494499,
    17.273232911845096,
    17.316652209589897,
    17.385346272006135,
    17.22723653180172,
    17.288817359256168,
    17.27148775838493,
    17.339517082975803,
    17.37314460692591,
    17.252714527081245,
    17.354225825035073,
    17.24848373702035,
    17.285691087242014,
    17.35899321037274,
    17.274751823018867,
    17.29879434415863,
    17.32462295892585,
    17.22838447289312,
    17.356663591043116,
    17.335869066486335,
    17.3232513522176,
    17.32086268711308,
    17.24792335588683,
    17.340719210006494,
    17.419176563792284,
    17.307557096228937,
    17.356634230358665
  ],
  "val_acc": [],
  "val_precision": [],
  "val_recall": [],
  "val_f1": [],
  "val_auc": [],
  "learning_rates": [],
  "val_multi_auc": []
}