{
  "accuracy": 0.3710354398673121,
  "precision_per_class": [
    0.22471169686985173,
    0.17424242424242425,
    0.10327868852459017,
    0.08863636363636364,
    0.19982329553821235,
    0.005376344086021506,
    0.27608346709470305,
    0.5091820830792166,
    0.39615952732644016,
    0.2302219210570896
  ],
  "recall_per_class": [
    0.22456371419163648,
    0.048201187565490744,
    0.018589554440838006,
    0.05298913043478261,
    0.36675675675675673,
    0.0030959752321981426,
    0.17107618858165904,
    0.7167453617589545,
    0.249025069637883,
    0.2744345718901454
  ],
  "f1_per_class": [
    0.2246376811594203,
    0.07551299589603283,
    0.03150787696924231,
    0.0663265306122449,
    0.2586979315603851,
    0.003929273084479371,
    0.2112503070498649,
    0.5953923258255581,
    0.3058152793614595,
    0.25039152464302167
  ],
  "support_per_class": [
    3037,
    2863,
    3389,
    4416,
    3700,
    323,
    10054,
    20967,
    5385,
    4952
  ],
  "precision_avg": 0.3281481199552967,
  "recall_avg": 0.3710354398673121,
  "f1_avg": 0.3342721388010894,
  "auc": 0.6847852006968872,
  "confusion_matrix": [
    [
      682,
      175,
      40,
      174,
      540,
      14,
      149,
      837,
      96,
      330
    ],
    [
      506,
      138,
      52,
      178,
      452,
      16,
      161,
      1052,
      69,
      239
    ],
    [
      503,
      70,
      63,
      144,
      565,
      22,
      260,
      1281,
      150,
      331
    ],
    [
      402,
      48,
      38,
      234,
      611,
      24,
      314,
      2331,
      74,
      340
    ],
    [
      293,
      26,
      58,
      143,
      1357,
      28,
      252,
      795,
      318,
      430
    ],
    [
      25,
      1,
      5,
      11,
      94,
      1,
      37,
      95,
      13,
      41
    ],
    [
      178,
      52,
      59,
      301,
      1172,
      23,
      1720,
      4737,
      861,
      951
    ],
    [
      14,
      175,
      192,
      1092,
      452,
      10,
      2464,
      15028,
      186,
      1354
    ],
    [
      198,
      43,
      60,
      160,
      986,
      20,
      434,
      1615,
      1341,
      528
    ],
    [
      234,
      64,
      43,
      203,
      562,
      28,
      439,
      1743,
      277,
      1359
    ]
  ],
  "class_names": [
    "Non-Tumor Cells",
    "Tumor Cells"
  ],
  "loss": 2.162848519168468,
  "multi_class_aucs": [
    0.7237550821708272,
    0.6745545837319179,
    0.6379650908344746,
    0.5732512519948413,
    0.7465908132702087,
    0.64828071243204,
    0.6346477745496557,
    0.7413479111827376,
    0.671992612833358,
    0.6631892513867789
  ]
}