{
  "accuracy": 0.5346924270729877,
  "precision_per_class": [
    0.06929413664997577,
    0.32494702845035073,
    0.48084082073990164,
    0.22057549121907222,
    0.35904285120456886,
    0.5312063888462283,
    0.4621163802525475,
    0.90145757672478,
    0.4526284625253285,
    0.10201052489542572
  ],
  "recall_per_class": [
    0.0034681239793691084,
    0.06572519909792206,
    0.8341916148943488,
    0.11287286417607877,
    0.3827562953971832,
    0.3376368729309906,
    0.3048801929714,
    0.7841317245450271,
    0.49446052220761455,
    0.03237826031093409
  ],
  "f1_per_class": [
    0.006605640200478871,
    0.10933568672238661,
    0.6100433265232466,
    0.1493303958955693,
    0.37052054385735866,
    0.412858962948355,
    0.3673813837118787,
    0.8387114034348485,
    0.4726206503381769,
    0.04915474642392718
  ],
  "support_per_class": [
    123698,
    240334,
    895588,
    110496,
    259515,
    235620,
    506189,
    799608,
    714237,
    23349
  ],
  "precision_avg": 0.5220268656291834,
  "recall_avg": 0.5346924270729877,
  "f1_avg": 0.5062359847634171,
  "auc": 0.845462420182702,
  "pr_auc": 0.5471954342632157,
  "confusion_matrix": [
    [
      429,
      2012,
      89979,
      2298,
      9556,
      463,
      5892,
      1518,
      11345,
      206
    ],
    [
      206,
      15796,
      159604,
      3247,
      17744,
      620,
      7390,
      14934,
      20250,
      543
    ],
    [
      2555,
      6110,
      747092,
      18231,
      29060,
      941,
      18721,
      6885,
      64980,
      1013
    ],
    [
      672,
      484,
      63863,
      12472,
      14386,
      168,
      2695,
      2252,
      13182,
      322
    ],
    [
      396,
      750,
      89818,
      10449,
      99331,
      1524,
      15444,
      4731,
      32847,
      4225
    ],
    [
      145,
      518,
      12372,
      266,
      14252,
      79554,
      57277,
      1459,
      69767,
      10
    ],
    [
      1224,
      5895,
      116268,
      1004,
      33406,
      43724,
      154327,
      15920,
      134319,
      102
    ],
    [
      84,
      10482,
      50871,
      1994,
      15088,
      169,
      15141,
      626998,
      78770,
      11
    ],
    [
      443,
      6313,
      216356,
      4309,
      34413,
      22535,
      56030,
      20453,
      353162,
      223
    ],
    [
      37,
      251,
      7497,
      2273,
      9419,
      63,
      1040,
      388,
      1625,
      756
    ]
  ],
  "class_names": [
    "Non-Tumor Cells",
    "Tumor Cells"
  ],
  "loss": 1.3410369006519933,
  "multi_class_aucs": [
    0.759704359456673,
    0.7804441531648671,
    0.8741677130506893,
    0.794252887250763,
    0.8519197300706065,
    0.9332175713179006,
    0.825731273546777,
    0.9774253108958868,
    0.7927666281218304,
    0.877829297479017
  ],
  "multi_class_pr_aucs": [
    0.0744619156997967,
    0.19427507517099146,
    0.6579288291425813,
    0.12999094356796248,
    0.33708618779063804,
    0.45531553445249573,
    0.39536503880915597,
    0.923620411782154,
    0.48233099009611796,
    0.05848764518485958
  ]
}