{
  "accuracy": 0.47123123876724815,
  "precision_per_class": [
    0.6045599083256028,
    0.39587664947368106,
    0.012476606363069246
  ],
  "recall_per_class": [
    0.4857235095774446,
    0.6731033022007948,
    0.0004312761461163583
  ],
  "f1_per_class": [
    0.5386653701227665,
    0.49854233394653047,
    0.0008337328303145257
  ],
  "support_per_class": [
    250902,
    198292,
    92748
  ],
  "precision_avg": 0.4268752799803439,
  "recall_avg": 0.47123123876724815,
  "f1_avg": 0.43194013792991465,
  "auc": 0.5320107823131922,
  "confusion_matrix": [
    [
      121869,
      127812,
      1221
    ],
    [
      62876,
      133471,
      1945
    ],
    [
      16838,
      75870,
      40
    ]
  ],
  "class_names": [
    "Non-Tumor Cells",
    "Tumor Cells"
  ],
  "loss": 0,
  "multi_class_aucs": [
    0.6305267201949394,
    0.5536408524122972,
    0.5065722604720149,
    0.5535692591483803,
    0.46362746962865287,
    0.4320839671740748,
    0.5686554623675899,
    0.47598638074452837,
    0.6256896789517785,
    0.5489342404832648
  ]
}