{
  "accuracy": 0.3407055180802831,
  "precision_per_class": [
    0.22153209109730848,
    0.31583552055993,
    0.013100436681222707,
    0.19047619047619047,
    0.2948328267477204,
    0.22151898734177214,
    0.591231463571889,
    0.5923076923076923,
    0.2338403041825095,
    0.4208860759493671
  ],
  "recall_per_class": [
    0.12456344586728754,
    0.3175021987686895,
    0.19230769230769232,
    0.345679012345679,
    0.19595959595959597,
    0.16374269005847952,
    0.6166778749159382,
    0.6197183098591549,
    0.2320754716981132,
    0.3083462132921175
  ],
  "f1_per_class": [
    0.15946348733233978,
    0.31666666666666665,
    0.024529844644317254,
    0.24561403508771928,
    0.2354368932038835,
    0.1882985877605918,
    0.6036866359447005,
    0.6057030481809242,
    0.23295454545454544,
    0.3559322033898305
  ],
  "support_per_class": [
    859,
    1137,
    78,
    324,
    1485,
    855,
    1487,
    994,
    530,
    1294
  ],
  "precision_avg": 0.37330970151306936,
  "recall_avg": 0.3407055180802831,
  "f1_avg": 0.35087178233232214,
  "auc": 0.7576662111789207,
  "confusion_matrix": [
    [
      107,
      199,
      82,
      126,
      75,
      68,
      39,
      42,
      52,
      69
    ],
    [
      210,
      361,
      146,
      112,
      116,
      25,
      42,
      61,
      13,
      51
    ],
    [
      7,
      15,
      15,
      11,
      11,
      6,
      2,
      2,
      1,
      8
    ],
    [
      31,
      60,
      41,
      112,
      23,
      5,
      9,
      20,
      6,
      17
    ],
    [
      74,
      260,
      257,
      46,
      291,
      143,
      106,
      89,
      78,
      141
    ],
    [
      9,
      71,
      140,
      11,
      118,
      140,
      150,
      63,
      92,
      61
    ],
    [
      2,
      33,
      106,
      3,
      118,
      108,
      917,
      47,
      47,
      106
    ],
    [
      8,
      27,
      44,
      23,
      43,
      60,
      67,
      616,
      58,
      48
    ],
    [
      2,
      22,
      82,
      12,
      79,
      38,
      89,
      35,
      123,
      48
    ],
    [
      33,
      95,
      232,
      132,
      113,
      39,
      130,
      65,
      56,
      399
    ]
  ],
  "class_names": [
    "Non-Tumor Cells",
    "Tumor Cells"
  ],
  "loss": 1.9387297169713733,
  "multi_class_aucs": [
    0.7033897027278303,
    0.7899154110935418,
    0.6462324996067327,
    0.8134321384120674,
    0.6992721606111392,
    0.7052058068147081,
    0.8600129123303677,
    0.8711953670088614,
    0.7304539782663142,
    0.7437361913179006
  ]
}