{
  "train_loss": [
    16.430074740210195,
    16.253790633701428,
    16.215851443256728,
    16.20628454744687,
    16.21204015797646,
    16.18313000838923,
    16.182696651381,
    16.212134173367605,
    16.176740125145898,
    16.165295216488715,
    16.167625484648628,
    16.160676811447317,
    16.147946903736813,
    16.149020859878323,
    16.14136916925974,
    16.164025411979022,
    16.13901732408927,
    16.146146796796657,
    16.132143929104917,
    16.1265093348471,
    16.122709800678795,
    16.12290429691614,
    16.125613453984187,
    16.12506910261459,
    16.115218580660112,
    16.104957903440607,
    16.106318343844812,
    16.099276877898546,
    16.09189124220521,
    16.093313055131805,
    16.085897911890147,
    16.091104632663967,
    16.08178116548614,
    16.07269132804968,
    16.077100157492765,
    16.07141769651206,
    16.066000190903875,
    16.06161879790342,
    16.057744335351632,
    16.056617517676784,
    16.053048936371354,
    16.050135595860052,
    16.044366732421786,
    16.042722852706863,
    16.046666599233284,
    16.03282547998951,
    16.03433605123578,
    16.030027516340102,
    16.033835156645118,
    16.01755327624881,
    16.024365751287373,
    16.02286380437352,
    16.01512936516098,
    16.010627832639504,
    16.00607082589604,
    15.998176815904236,
    16.008979995263036,
    15.996716553909668,
    15.99346935007952,
    15.988775709344907
  ],
  "train_acc": [],
  "val_loss": [
    16.240709625491412,
    16.220879154218203,
    16.263326015124687,
    16.22969411081112,
    16.252000761708242,
    16.219267116858298,
    16.208463840755073,
    16.273915629544668,
    16.23269006547535,
    16.22393166865955,
    16.2124552382238,
    16.21558456755747,
    16.19708008994773,
    16.2091080191005,
    16.32819804140718,
    16.204899077637627,
    16.183452529572378,
    16.196211239198508,
    16.19052299368148,
    16.185037086172574,
    16.204317188198544,
    16.184517038101927,
    16.219071632297677,
    16.28198875373155,
    16.170228341879834,
    16.202636228712084,
    16.20267826765474,
    16.198921624749676,
    16.206396427450752,
    16.163021228025283,
    16.15756681237488,
    16.18850945750255,
    16.143914058512728,
    16.211327214083262,
    16.18284383035849,
    16.179509453319522,
    16.207599073225868,
    16.182750203495168,
    16.173907231672803,
    16.163969372189744,
    16.167750737861876,
    16.1729512147047,
    16.174873103490157,
    16.254670462521407,
    16.169794627414372,
    16.172914769663993,
    16.166107609817743,
    16.165926097455177,
    16.186257876873338,
    16.17986734327153,
    16.192599679069854,
    16.20637466358543,
    16.2072775194888,
    16.182216835537123,
    16.177108281693855,
    16.186749030737197,
    16.13960935617121,
    16.162570463331225,
    16.17193434610309,
    16.202425306347237
  ],
  "val_acc": [],
  "val_precision": [],
  "val_recall": [],
  "val_f1": [],
  "val_auc": [],
  "learning_rates": [
    5.0914602308160054e-05,
    9.692869750998868e-05,
    0.00014281613343668248,
    0.0001885764251135701,
    0.00023420873605742567,
    0.00027971187173117464,
    0.00032508426997520734,
    0.00037032398826701866,
    0.00041542868760854543,
    0.00046039561278308117,
    0.0004896521588119465,
    0.0004882896348601217,
    0.00048685850895351644,
    0.0004853579953721837,
    0.00048378726285969615,
    0.00048214542613560907,
    0.000480431536415654,
    0.0004786445707670414,
    0.0004767834200952557,
    0.00047484687552083634,
    0.00047283361285820036,
    0.00047074217485141434,
    0.00046857095075122533,
    0.00046631815273003724,
    0.0004639817885222293,
    0.00046155962954018973,
    0.00045904917354366387,
    0.000456447600720859,
    0.00045375172175999017,
    0.0004509579161304121,
    0.00044806205832709976,
    0.0004450594292252688,
    0.00044194460889384365,
    0.0004387113461581292,
    0.00043535239878554404,
    0.00043185933625391505,
    0.00042822229444733443,
    0.0004244296680136867,
    0.00042046772107040423,
    0.0004163200897969344,
    0.0004119671401864693,
    0.0004073851292595106,
    0.0004025450958474902,
    0.00039741137354875185,
    0.0003919395668630694,
    0.00038607375030261617,
    0.000379742519335195,
    0.0003728533051302139,
    0.0003652839948810038,
    0.0003568702458700282,
    0.000347385682441702,
    0.00033650986756041926,
    0.00032377431290344895,
    0.0003084669199536675,
    0.0002894527628478046,
    0.00026481408415755136,
    0.00023106809893676212,
    0.00018134402619438607,
    0.00010162564282648554,
    1e-06
  ],
  "val_multi_auc": []
}