{
  "accuracy": 0.48067505378804376,
  "precision_per_class": [
    0.4717850701795656,
    0.6257535111251381,
    0.029197080291970802
  ],
  "recall_per_class": [
    0.9592071804927821,
    0.0999889052508422,
    4.312761461163583e-05
  ],
  "f1_per_class": [
    0.6324836864111681,
    0.1724259382459985,
    8.61280077515207e-05
  ],
  "support_per_class": [
    250902,
    198292,
    92748
  ],
  "precision_avg": 0.45237627589140345,
  "recall_avg": 0.48067505378804376,
  "f1_avg": 0.3559238705157995,
  "auc": 0.5291035358687709,
  "confusion_matrix": [
    [
      240667,
      10156,
      79
    ],
    [
      178411,
      19827,
      54
    ],
    [
      91042,
      1702,
      4
    ]
  ],
  "class_names": [
    "Non-Stromal Cells",
    "Stromal Cells"
  ],
  "loss": 0,
  "multi_class_aucs": [
    0.5469302267246603,
    0.5978137712623347,
    0.44061246068558424
  ]
}