{
  "accuracy": 0.08409980181919813,
  "precision_per_class": [
    0.047619047619047616,
    0.2,
    0.04878048780487805,
    0.0,
    0.0,
    0.010638297872340425,
    0.11764705882352941,
    0.4,
    0.073282350815921,
    0.08704564414253367
  ],
  "recall_per_class": [
    0.0006561679790026247,
    0.00035486160397445,
    0.0012213740458015267,
    0.0,
    0.0,
    0.002890173410404624,
    0.0001998001998001998,
    0.004058518168947617,
    0.2291470532856336,
    0.7333333333333333
  ],
  "f1_per_class": [
    0.0012944983818770227,
    0.0007084661707403471,
    0.002383080131069407,
    0.0,
    0.0,
    0.004545454545454545,
    0.0003989229081480004,
    0.008035505722961925,
    0.11105027831006478,
    0.1556194737402791
  ],
  "support_per_class": [
    3048,
    2818,
    3275,
    4368,
    3691,
    346,
    10010,
    21190,
    5311,
    4980
  ],
  "precision_avg": 0.19222719205929104,
  "recall_avg": 0.08409980181919813,
  "f1_avg": 0.026328539650567535,
  "auc": 0.4994036137445062,
  "confusion_matrix": [
    [
      2,
      0,
      1,
      4,
      0,
      1,
      1,
      23,
      798,
      2218
    ],
    [
      5,
      1,
      6,
      2,
      0,
      3,
      1,
      14,
      745,
      2041
    ],
    [
      8,
      0,
      4,
      2,
      2,
      10,
      2,
      17,
      908,
      2322
    ],
    [
      2,
      0,
      8,
      0,
      1,
      4,
      2,
      22,
      1196,
      3133
    ],
    [
      2,
      0,
      1,
      0,
      0,
      5,
      0,
      10,
      815,
      2858
    ],
    [
      0,
      0,
      0,
      0,
      0,
      1,
      0,
      0,
      83,
      262
    ],
    [
      4,
      0,
      10,
      1,
      0,
      15,
      2,
      17,
      2513,
      7448
    ],
    [
      11,
      3,
      37,
      0,
      3,
      33,
      5,
      86,
      7046,
      13966
    ],
    [
      2,
      0,
      8,
      0,
      2,
      11,
      3,
      13,
      1217,
      4055
    ],
    [
      6,
      1,
      7,
      3,
      0,
      11,
      1,
      13,
      1286,
      3652
    ]
  ],
  "class_names": [
    "Non-Tumor Cells",
    "Tumor Cells"
  ],
  "loss": 4.486830351120229,
  "multi_class_aucs": [
    0.541294203529574,
    0.5472251557142362,
    0.5384424808708549,
    0.5373066799715128,
    0.4392770543766623,
    0.4805402409779522,
    0.4697453748650028,
    0.5226099463859311,
    0.4087991686485973,
    0.5107667326909799
  ]
}