{
  "accuracy": 0.33683512108813446,
  "precision_per_class": [
    0.2217391304347826,
    0.3751363140676118,
    0.01254180602006689,
    0.17777777777777778,
    0.25675675675675674,
    0.19369369369369369,
    0.5664877757901013,
    0.5015455950540958,
    0.2059447983014862,
    0.4268292682926829
  ],
  "recall_per_class": [
    0.059371362048894066,
    0.30255057167985927,
    0.19230769230769232,
    0.345679012345679,
    0.14074074074074075,
    0.15087719298245614,
    0.6388702084734365,
    0.6529175050301811,
    0.1830188679245283,
    0.3786707882534776
  ],
  "f1_per_class": [
    0.09366391184573003,
    0.3349561830574489,
    0.023547880690737835,
    0.2348008385744235,
    0.18181818181818182,
    0.16962524654832348,
    0.6005056890012642,
    0.5673076923076923,
    0.1938061938061938,
    0.4013104013104013
  ],
  "support_per_class": [
    859,
    1137,
    78,
    324,
    1485,
    855,
    1487,
    994,
    530,
    1294
  ],
  "precision_avg": 0.356612353782371,
  "recall_avg": 0.33683512108813446,
  "f1_avg": 0.3354100431620343,
  "auc": 0.7587226186334717,
  "confusion_matrix": [
    [
      51,
      181,
      82,
      140,
      58,
      82,
      48,
      76,
      61,
      80
    ],
    [
      104,
      344,
      195,
      138,
      85,
      56,
      32,
      91,
      15,
      77
    ],
    [
      2,
      11,
      15,
      12,
      9,
      4,
      4,
      6,
      1,
      14
    ],
    [
      5,
      26,
      56,
      112,
      18,
      4,
      7,
      42,
      7,
      47
    ],
    [
      34,
      200,
      342,
      42,
      209,
      178,
      131,
      142,
      57,
      150
    ],
    [
      8,
      34,
      150,
      15,
      108,
      129,
      188,
      80,
      81,
      62
    ],
    [
      5,
      22,
      110,
      6,
      94,
      96,
      950,
      39,
      47,
      118
    ],
    [
      6,
      26,
      29,
      16,
      41,
      42,
      75,
      649,
      52,
      58
    ],
    [
      1,
      12,
      61,
      17,
      74,
      53,
      109,
      54,
      97,
      52
    ],
    [
      14,
      61,
      156,
      132,
      118,
      22,
      133,
      115,
      53,
      490
    ]
  ],
  "class_names": [
    "Non-Tumor Cells",
    "Tumor Cells"
  ],
  "loss": 1.9013265800676449,
  "multi_class_aucs": [
    0.7025966791729682,
    0.8013883335880856,
    0.6415233028729962,
    0.8266903980097389,
    0.6684007758630675,
    0.7000306396180975,
    0.8624681063303884,
    0.8690726793360486,
    0.7527076236344414,
    0.7562258619200605
  ]
}