{
    "accuracy": 0.03965775491747683,
    "precision_per_class": [
        0.05370978332239002,
        0.034600312791045036,
        0.16062176165803108,
        0.04987798565407084,
        0.05092946269416858,
        0.2832080200501253,
        0.07953340402969247,
        0.09067357512953368,
        0.17065556711758584,
        0.005170537010159652
    ],
    "recall_per_class": [
        0.09927184466019418,
        0.40464447184545826,
        0.00115421848238886,
        0.2513508477734302,
        0.09696969696969697,
        0.002836630183753389,
        0.012969047207331835,
        0.010966057441253264,
        0.006253336383741325,
        0.15159574468085107
    ],
    "f1_per_class": [
        0.06970600766936515,
        0.06374953458630793,
        0.0022919670252486046,
        0.0832382068922963,
        0.06678353785791802,
        0.005617000124269914,
        0.02230151650312221,
        0.019565825025621913,
        0.01206458969360356,
        0.01
    ],
    "support_per_class": [
        8240,
        4866,
        26858,
        5367,
        8250,
        39836,
        11566,
        9575,
        26226,
        752
    ],
    "precision_avg": 0.1636490708661284,
    "recall_avg": 0.03965775491747683,
    "f1_avg": 0.02074956826055387,
    "auc": 0.5048229708245872,
    "pr_auc": 0.17014236566992144,
    "confusion_matrix": [
        [
            818,
            3457,
            11,
            1650,
            903,
            21,
            83,
            52,
            48,
            1197
        ],
        [
            532,
            1969,
            7,
            950,
            472,
            17,
            55,
            48,
            43,
            773
        ],
        [
            2402,
            12923,
            31,
            3918,
            3148,
            61,
            333,
            181,
            186,
            3675
        ],
        [
            614,
            1877,
            6,
            1349,
            519,
            12,
            77,
            41,
            46,
            826
        ],
        [
            984,
            2678,
            21,
            2167,
            800,
            22,
            100,
            71,
            61,
            1346
        ],
        [
            4014,
            16733,
            47,
            6701,
            4922,
            113,
            636,
            321,
            236,
            6113
        ],
        [
            1437,
            4023,
            17,
            2619,
            1209,
            37,
            150,
            99,
            58,
            1917
        ],
        [
            1320,
            3263,
            28,
            2004,
            764,
            32,
            101,
            105,
            114,
            1844
        ],
        [
            3012,
            9778,
            25,
            5437,
            2906,
            83,
            345,
            233,
            164,
            4243
        ],
        [
            97,
            206,
            0,
            251,
            65,
            1,
            6,
            7,
            5,
            114
        ]
    ],
    "multi_class_aucs": [
        0.4857018616608281,
        0.5035150160693503,
        0.5124843848341636,
        0.5805233390866456,
        0.4616600897864197,
        0.5016081168780199,
        0.5008468637151146,
        0.5230708823833009,
        0.4822196586335266,
        0.5082772463943557
    ],
    "multi_class_pr_aucs": [
        0.0555071097617645,
        0.03480277258723065,
        0.19143218965897235,
        0.05025793283940194,
        0.05324569946060172,
        0.2818938036036416,
        0.08192829969296755,
        0.07227687886274979,
        0.18038276773548878,
        0.0055452650353654005
    ]
}