{
  "accuracy": 0.357788184969393,
  "precision_per_class": [
    0.11412388527355989,
    0.0910061857505229,
    0.6422530446549392,
    0.12477670596641657,
    0.2500409661455773,
    0.34201151877133107,
    0.3662229512333607,
    0.6846861281122825,
    0.5549552253739557,
    0.020924634281834456
  ],
  "recall_per_class": [
    0.15029360418981114,
    0.230396575033799,
    0.07211501937248348,
    0.09375838926174497,
    0.41410660008684325,
    0.782389108476065,
    0.1053653755399862,
    0.8489748887476161,
    0.2175396623065911,
    0.1592296852982621
  ],
  "f1_per_class": [
    0.12973491335022946,
    0.1304750055826714,
    0.12967010450105868,
    0.10706621704475781,
    0.31180906062897196,
    0.47596218069553087,
    0.16364789625766438,
    0.7580310421286031,
    0.3125581133245048,
    0.0369885433715221
  ],
  "support_per_class": [
    12602,
    8876,
    52652,
    14900,
    36848,
    40986,
    55094,
    50336,
    50993,
    2129
  ],
  "precision_avg": 0.44293047218236137,
  "recall_avg": 0.357788184969393,
  "f1_avg": 0.32390021056859825,
  "auc": 0.7906043317704495,
  "confusion_matrix": [
    [
      1894,
      1679,
      194,
      618,
      3128,
      2555,
      940,
      253,
      241,
      1100
    ],
    [
      1235,
      2045,
      186,
      329,
      1585,
      1195,
      399,
      326,
      617,
      959
    ],
    [
      6922,
      12612,
      3797,
      4317,
      9776,
      3873,
      1762,
      1553,
      3488,
      4552
    ],
    [
      820,
      1427,
      272,
      1397,
      4362,
      2201,
      511,
      732,
      1112,
      2066
    ],
    [
      1525,
      1502,
      159,
      1401,
      15259,
      9023,
      1286,
      2026,
      1027,
      3640
    ],
    [
      446,
      80,
      1,
      48,
      4864,
      32067,
      1814,
      630,
      390,
      646
    ],
    [
      1965,
      326,
      82,
      381,
      9339,
      33156,
      5805,
      1493,
      1368,
      1179
    ],
    [
      170,
      656,
      218,
      1067,
      2854,
      1072,
      402,
      42734,
      585,
      578
    ],
    [
      1514,
      1929,
      982,
      1447,
      9176,
      8289,
      2879,
      12542,
      11093,
      1142
    ],
    [
      105,
      215,
      21,
      191,
      683,
      329,
      53,
      125,
      68,
      339
    ]
  ],
  "class_names": [
    "Non-Tumor Cells",
    "Tumor Cells"
  ],
  "loss": 1.857669435510547,
  "multi_class_aucs": [
    0.7332500077291644,
    0.7294786663627763,
    0.8130415091755767,
    0.7010339225567903,
    0.7542963707140498,
    0.8582020306037753,
    0.7950220384938881,
    0.9465644207410135,
    0.781996831777875,
    0.7310555483187352
  ]
}