{
  "accuracy": 0.2949864956110736,
  "precision_per_class": [
    0.10204081632653061,
    0.5454545454545454,
    0.0,
    0.3023255813953488,
    0.24848317705460563,
    0.5,
    0.32924508352717274,
    0.30646173149309913,
    0.0,
    0.14012738853503184
  ],
  "recall_per_class": [
    0.004317789291882556,
    0.004261363636363636,
    0.0,
    0.06649616368286446,
    0.4451581027667984,
    0.0008183306055646482,
    0.8190426091530774,
    0.6784722222222223,
    0.0,
    0.013845185651353053
  ],
  "f1_per_class": [
    0.008285004142502071,
    0.008456659619450317,
    0.0,
    0.1090146750524109,
    0.31893805309734513,
    0.0016339869281045752,
    0.46968325791855203,
    0.4222126188418323,
    0.0,
    0.025200458190148912
  ],
  "support_per_class": [
    1158,
    1408,
    89,
    391,
    2024,
    1222,
    1901,
    1440,
    626,
    1589
  ],
  "precision_avg": 0.28765738820962267,
  "recall_avg": 0.2949864956110736,
  "f1_avg": 0.19012075231949857,
  "auc": 0.6692934305820285,
  "confusion_matrix": [
    [
      5,
      3,
      0,
      13,
      566,
      0,
      228,
      334,
      0,
      9
    ],
    [
      16,
      6,
      0,
      12,
      751,
      0,
      307,
      306,
      0,
      10
    ],
    [
      0,
      0,
      0,
      1,
      24,
      0,
      31,
      32,
      0,
      1
    ],
    [
      2,
      1,
      0,
      26,
      62,
      0,
      68,
      229,
      0,
      3
    ],
    [
      14,
      1,
      0,
      4,
      901,
      1,
      764,
      308,
      0,
      31
    ],
    [
      4,
      0,
      0,
      2,
      371,
      1,
      577,
      248,
      0,
      19
    ],
    [
      1,
      0,
      0,
      1,
      212,
      0,
      1557,
      111,
      0,
      19
    ],
    [
      4,
      0,
      0,
      2,
      241,
      0,
      188,
      977,
      0,
      28
    ],
    [
      0,
      0,
      0,
      0,
      185,
      0,
      298,
      128,
      0,
      15
    ],
    [
      3,
      0,
      0,
      25,
      313,
      0,
      711,
      515,
      0,
      22
    ]
  ],
  "class_names": [
    "Non-Tumor Cells",
    "Tumor Cells"
  ],
  "loss": 2.0320127331510256,
  "multi_class_aucs": [
    0.7150120122594518,
    0.7294792619078718,
    0.44365730862614433,
    0.7176528181544826,
    0.6574107704693515,
    0.5968455303561686,
    0.8388967313188092,
    0.7993251051541549,
    0.5967882861312472,
    0.4767070016834594
  ]
}