{
  "accuracy": 0.31802835921674544,
  "precision_per_class": [
    0.2561349693251534,
    0.2361308677098151,
    0.006349206349206349,
    0.20454545454545456,
    0.22075279755849442,
    0.1368421052631579,
    0.3861051337227175,
    0.6561264822134387,
    0.11636363636363636,
    0.3309192200557103
  ],
  "recall_per_class": [
    0.14421416234887738,
    0.23579545454545456,
    0.02247191011235955,
    0.59846547314578,
    0.10721343873517787,
    0.0851063829787234,
    0.66070489216202,
    0.5763888888888888,
    0.051118210862619806,
    0.3738200125865324
  ],
  "f1_per_class": [
    0.18453038674033148,
    0.23596304193319118,
    0.009900990099009901,
    0.304885993485342,
    0.14432989690721648,
    0.10494450050454086,
    0.48738843616608457,
    0.6136783733826248,
    0.07103218645948946,
    0.35106382978723405
  ],
  "support_per_class": [
    1158,
    1408,
    89,
    391,
    2024,
    1222,
    1901,
    1440,
    626,
    1589
  ],
  "precision_avg": 0.303943779019469,
  "recall_avg": 0.31802835921674544,
  "f1_avg": 0.2953163827223021,
  "auc": 0.7203004194677828,
  "confusion_matrix": [
    [
      167,
      161,
      30,
      244,
      60,
      125,
      209,
      46,
      37,
      79
    ],
    [
      234,
      332,
      32,
      183,
      106,
      96,
      231,
      86,
      27,
      81
    ],
    [
      3,
      18,
      2,
      10,
      17,
      3,
      13,
      1,
      2,
      20
    ],
    [
      3,
      41,
      1,
      234,
      27,
      8,
      29,
      4,
      4,
      40
    ],
    [
      181,
      409,
      86,
      67,
      217,
      175,
      469,
      118,
      38,
      264
    ],
    [
      17,
      118,
      34,
      35,
      177,
      104,
      424,
      97,
      34,
      182
    ],
    [
      22,
      79,
      43,
      5,
      100,
      67,
      1256,
      3,
      20,
      306
    ],
    [
      8,
      69,
      28,
      63,
      51,
      98,
      150,
      830,
      25,
      118
    ],
    [
      0,
      60,
      19,
      32,
      105,
      38,
      210,
      19,
      32,
      111
    ],
    [
      17,
      119,
      40,
      271,
      123,
      46,
      262,
      61,
      56,
      594
    ]
  ],
  "class_names": [
    "Non-Tumor Cells",
    "Tumor Cells"
  ],
  "loss": 1.9716191571117816,
  "multi_class_aucs": [
    0.7357828406448976,
    0.7218723468521421,
    0.6248486695822755,
    0.8301490706828403,
    0.6222401620295863,
    0.6538953260738645,
    0.8110978718507406,
    0.860736466073106,
    0.6498369673217202,
    0.7112793132383537
  ]
}