{
  "accuracy": 0.1363099257258609,
  "precision_per_class": [
    0.10870920806485138,
    0.22851919561243145,
    0.05555555555555555,
    0.03508771929824561,
    0.0,
    0.14285714285714285,
    0.4631578947368421,
    0.14725417139154381,
    0.03571428571428571,
    0.125
  ],
  "recall_per_class": [
    0.45164075993091535,
    0.08877840909090909,
    0.011235955056179775,
    0.010230179028132993,
    0.0,
    0.0016366612111292963,
    0.023145712782745922,
    0.63125,
    0.001597444089456869,
    0.003775959723096287
  ],
  "f1_per_class": [
    0.17523873345619032,
    0.1278772378516624,
    0.018691588785046728,
    0.015841584158415842,
    0.0,
    0.003236245954692557,
    0.04408817635270541,
    0.23880204912649416,
    0.0030581039755351682,
    0.007330482590103849
  ],
  "support_per_class": [
    1158,
    1408,
    89,
    391,
    2024,
    1222,
    1901,
    1440,
    626,
    1589
  ],
  "precision_avg": 0.16495330597388516,
  "recall_avg": 0.1363099257258609,
  "f1_avg": 0.07056372311907982,
  "auc": 0.5795053376047463,
  "confusion_matrix": [
    [
      523,
      75,
      2,
      4,
      0,
      1,
      4,
      542,
      2,
      5
    ],
    [
      816,
      125,
      5,
      10,
      0,
      1,
      1,
      439,
      2,
      9
    ],
    [
      32,
      1,
      1,
      1,
      0,
      0,
      0,
      52,
      1,
      1
    ],
    [
      108,
      8,
      1,
      4,
      0,
      1,
      0,
      268,
      1,
      0
    ],
    [
      1028,
      132,
      2,
      27,
      0,
      3,
      13,
      807,
      5,
      7
    ],
    [
      467,
      45,
      1,
      10,
      0,
      2,
      11,
      679,
      1,
      6
    ],
    [
      504,
      48,
      3,
      14,
      0,
      3,
      44,
      1268,
      7,
      10
    ],
    [
      462,
      40,
      0,
      16,
      0,
      1,
      7,
      909,
      2,
      3
    ],
    [
      239,
      17,
      2,
      7,
      0,
      1,
      7,
      351,
      1,
      1
    ],
    [
      632,
      56,
      1,
      21,
      0,
      1,
      8,
      858,
      6,
      6
    ]
  ],
  "class_names": [
    "Non-Tumor Cells",
    "Tumor Cells"
  ],
  "loss": 2.4314633750335983,
  "multi_class_aucs": [
    0.5453314559633962,
    0.67341229509535,
    0.41350588743405714,
    0.49066809801666944,
    0.5636544839370551,
    0.5990623237385495,
    0.7069712506267437,
    0.6115716275941584,
    0.5827499383627437,
    0.4637005092337533
  ]
}