{
  "accuracy": 0.4582216340943053,
  "precision_per_class": [
    0.08211063519547981,
    0.23363081169997543,
    0.49203017023156526,
    0.12424849699398798,
    0.2119562248484076,
    0.3269293429071381,
    0.3907156538394567,
    0.7796454621811592,
    0.4087581670782073,
    0.12850389907566315
  ],
  "recall_per_class": [
    0.09009324300677449,
    0.19113654820372017,
    0.4864768354232625,
    0.09620158887785502,
    0.20349531762635417,
    0.48079721719376706,
    0.20483823851603009,
    0.83492051468987,
    0.41876682505302865,
    0.4059349438843447
  ],
  "f1_per_class": [
    0.08591691995947315,
    0.2102580900401152,
    0.4892377443671704,
    0.10844089970965824,
    0.2076396156407573,
    0.3892077493876202,
    0.2687699881418664,
    0.8063368111118223,
    0.41370197025950367,
    0.19521119674343082
  ],
  "support_per_class": [
    80006,
    129295,
    313647,
    48336,
    171601,
    112692,
    273860,
    528085,
    357354,
    31542
  ],
  "precision_avg": 0.45893137275070056,
  "recall_avg": 0.4582216340943053,
  "f1_avg": 0.45232969689466357,
  "auc": 0.8110098316360342,
  "confusion_matrix": [
    [
      7208,
      10431,
      26824,
      1883,
      7797,
      1667,
      4146,
      4822,
      11139,
      4089
    ],
    [
      13029,
      24713,
      28618,
      1912,
      13542,
      2479,
      4233,
      17179,
      16081,
      7509
    ],
    [
      26097,
      31715,
      152582,
      8198,
      20437,
      2894,
      9852,
      11168,
      41908,
      8796
    ],
    [
      3084,
      3794,
      13564,
      4650,
      5634,
      890,
      1277,
      1969,
      6003,
      7471
    ],
    [
      8951,
      8300,
      24200,
      13530,
      34920,
      4973,
      7352,
      8292,
      18600,
      42483
    ],
    [
      1051,
      570,
      500,
      144,
      9002,
      54182,
      20326,
      6461,
      19131,
      1325
    ],
    [
      13327,
      5953,
      11283,
      1040,
      28874,
      60657,
      56097,
      35385,
      55709,
      5535
    ],
    [
      1939,
      3325,
      7389,
      599,
      16101,
      2180,
      8256,
      440909,
      45319,
      2068
    ],
    [
      11007,
      15765,
      41053,
      2817,
      24701,
      35377,
      31009,
      38418,
      149648,
      7559
    ],
    [
      2091,
      1212,
      4094,
      2652,
      3743,
      431,
      1027,
      922,
      2566,
      12804
    ]
  ],
  "class_names": [
    "Non-Tumor Cells",
    "Tumor Cells"
  ],
  "loss": 0,
  "multi_class_aucs": [
    0.7406855514304775,
    0.7486471695261249,
    0.840764293584939,
    0.7841631086745291,
    0.7732621640684854,
    0.8800957872835656,
    0.7701668767725086,
    0.9480288620510082,
    0.7453688049436383,
    0.8464359941714152
  ]
}