{
  "accuracy": 0.05697288639743736,
  "precision_per_class": [
    0.0,
    0.0,
    0.7,
    0.0,
    0.0,
    0.0,
    0.1765597306503792,
    0.0,
    0.060941828254847646,
    0.01020707018805878
  ],
  "recall_per_class": [
    0.0,
    0.0,
    0.0007961028868207063,
    0.0,
    0.0,
    0.0,
    0.4974105767267462,
    0.0,
    0.00023504273504273504,
    0.8737629206069937
  ],
  "f1_per_class": [
    0.0,
    0.0,
    0.001590397031258875,
    0.0,
    0.0,
    0.0,
    0.26061289789249487,
    0.0,
    0.00046827939251391535,
    0.02017842132929731
  ],
  "support_per_class": [
    21967,
    27847,
    105514,
    18173,
    72854,
    50819,
    53873,
    92748,
    93600,
    4547
  ],
  "precision_avg": 0.16444964413558408,
  "recall_avg": 0.05697288639743736,
  "f1_avg": 0.026466651474589976,
  "auc": 0.5196038239706026,
  "confusion_matrix": [
    [
      0,
      0,
      0,
      0,
      0,
      0,
      5440,
      1,
      20,
      16506
    ],
    [
      0,
      0,
      0,
      0,
      0,
      0,
      6534,
      2,
      25,
      21286
    ],
    [
      7,
      29,
      84,
      0,
      10,
      1,
      15305,
      248,
      96,
      89734
    ],
    [
      0,
      0,
      0,
      0,
      0,
      0,
      2385,
      11,
      75,
      15702
    ],
    [
      0,
      2,
      3,
      0,
      0,
      0,
      11840,
      9,
      83,
      60917
    ],
    [
      0,
      0,
      0,
      0,
      0,
      0,
      36468,
      6,
      24,
      14321
    ],
    [
      0,
      0,
      0,
      0,
      0,
      0,
      26797,
      8,
      2,
      27066
    ],
    [
      0,
      0,
      0,
      0,
      0,
      0,
      17716,
      0,
      2,
      75030
    ],
    [
      3,
      12,
      33,
      0,
      0,
      1,
      28728,
      96,
      22,
      64705
    ],
    [
      0,
      0,
      0,
      0,
      0,
      0,
      560,
      2,
      12,
      3973
    ]
  ],
  "class_names": [
    "Non-Tumor Cells",
    "Tumor Cells"
  ],
  "loss": 0,
  "multi_class_aucs": [
    0.511070107865162,
    0.5175408903129936,
    0.47377355632199014,
    0.44391959708740253,
    0.6854840338200603,
    0.5249086443531581,
    0.6744674530775675,
    0.3566383574960856,
    0.4860831444774854,
    0.5929716040313913
  ]
}