{
  "train_loss": [
    16.56422032337833,
    16.290758809191345,
    16.26092730419293,
    16.248915311263772,
    16.24683728349675,
    16.23703475866655,
    16.23217986080318,
    16.226640083575358,
    16.22637915238264,
    16.21964404865747,
    16.213549304068835,
    16.211789937380576,
    16.20864964154441,
    16.200684267816452,
    16.197644161976378,
    16.196138989478634,
    16.187674740242976,
    16.18399892420638,
    16.180529622365686,
    16.18200859933707,
    16.179698672868398,
    16.175802319590204,
    16.17526223887527,
    16.172231601772317,
    16.165983600619988,
    16.16456478470055,
    16.1628785247294,
    16.1600380670423,
    16.157345146699225,
    16.16105256550193,
    16.1528724185006,
    16.152845513568202,
    16.154578242861593,
    16.151995202262526,
    16.14922737460258,
    16.144037752398194,
    16.145026563109898,
    16.14556681005397,
    16.13762916867112,
    16.14340196247858,
    16.144148162165386,
    16.13884199021988,
    16.135926947511553,
    16.13793059424014,
    16.13412890540543,
    16.131706099767204,
    16.12920222972774,
    16.125344047739514,
    16.126815240662975,
    16.12845252986719,
    16.12822837318514,
    16.12532401907155,
    16.12683425637655,
    16.12608003440283,
    16.122631085562972,
    16.121281216710837,
    16.117101769925135,
    16.117331714916283,
    16.114349760811674,
    16.120055477664952
  ],
  "train_acc": [],
  "val_loss": [
    16.29381755491433,
    16.231596627322343,
    16.216212218553128,
    16.220959608656262,
    16.207941858290337,
    16.2226892763662,
    16.230897208631724,
    16.215115583240785,
    16.220889626605377,
    16.19433453821959,
    16.21643172978228,
    16.21628178655095,
    16.20133260808065,
    16.21885202512155,
    16.20772969634206,
    16.195881470082018,
    16.211512215309735,
    16.20531888558686,
    16.236661757753154,
    16.216454316602213,
    16.198554585706052,
    16.215798701248325,
    16.223974270405275,
    16.217650368437422,
    16.24066149166192,
    16.2232650979639,
    16.21690254739456,
    16.23464683903624,
    16.248091311329205,
    16.23118981278321,
    16.233229630062663,
    16.244367273010006,
    16.235711195596082,
    16.225102700871602,
    16.217331814814226,
    16.24433891262902,
    16.235640688734552,
    16.23201073833932,
    16.24596591385372,
    16.233876810453776,
    16.247996096511212,
    16.245382907179703,
    16.228318951083228,
    16.243094803593113,
    16.262304965424264,
    16.230992954055818,
    16.228708404371016,
    16.24111549021987,
    16.24348557566888,
    16.2448217506589,
    16.26712578523006,
    16.256627909642955,
    16.269101794550018,
    16.250156930618235,
    16.27253222224038,
    16.25310690929405,
    16.2667706680813,
    16.283727004510336,
    16.284605504692124,
    16.25585880962117
  ],
  "val_acc": [],
  "val_precision": [],
  "val_recall": [],
  "val_f1": [],
  "val_auc": [],
  "learning_rates": [
    5.056622445522999e-05,
    9.658079726037691e-05,
    0.00014246871111754523,
    0.00018822948170862046,
    0.00023386227321234296,
    0.0002793658917626914,
    0.00032473877588398145,
    0.0003699789837544427,
    0.00041508417709769645,
    0.00046005160144406404,
    0.0004896521588119465,
    0.0004882896348601217,
    0.00048685850895351644,
    0.0004853579953721837,
    0.00048378726285969615,
    0.00048214542613560907,
    0.000480431536415654,
    0.0004786445707670414,
    0.0004767834200952557,
    0.00047484687552083634,
    0.00047283361285820036,
    0.00047074217485141434,
    0.00046857095075122533,
    0.00046631815273003724,
    0.0004639817885222293,
    0.00046155962954018973,
    0.00045904917354366387,
    0.000456447600720859,
    0.00045375172175999017,
    0.0004509579161304121,
    0.00044806205832709976,
    0.0004450594292252688,
    0.00044194460889384365,
    0.0004387113461581292,
    0.00043535239878554404,
    0.00043185933625391505,
    0.00042822229444733443,
    0.0004244296680136867,
    0.00042046772107040423,
    0.0004163200897969344,
    0.0004119671401864693,
    0.0004073851292595106,
    0.0004025450958474902,
    0.00039741137354875185,
    0.0003919395668630694,
    0.00038607375030261617,
    0.000379742519335195,
    0.0003728533051302139,
    0.0003652839948810038,
    0.0003568702458700282,
    0.000347385682441702,
    0.00033650986756041926,
    0.00032377431290344895,
    0.0003084669199536675,
    0.0002894527628478046,
    0.00026481408415755136,
    0.00023106809893676212,
    0.00018134402619438607,
    0.00010162564282648554,
    1e-06
  ],
  "val_multi_auc": []
}