{
  "accuracy": 0.3480252968508002,
  "precision_per_class": [
    0.09816355101704685,
    0.05900383141762452,
    0.564090783791234,
    0.1277933180375271,
    0.26186994785775375,
    0.4320525991370454,
    0.4131125226860254,
    0.8841162131892747,
    0.43370848894720904,
    0.019361363964744978
  ],
  "recall_per_class": [
    0.18917632121885414,
    0.138801261829653,
    0.23319152168958443,
    0.27288590604026847,
    0.25759878419452886,
    0.5130532376909188,
    0.330526010091843,
    0.5332167832167832,
    0.33704626125154435,
    0.25176139032409584
  ],
  "f1_per_class": [
    0.1292561266536543,
    0.08280682887484878,
    0.32997393103818967,
    0.17406939657940365,
    0.2597168068951365,
    0.46908182386008745,
    0.36723334744993646,
    0.6652291372344908,
    0.3793160525705962,
    0.03595746821856237
  ],
  "support_per_class": [
    12602,
    8876,
    52652,
    14900,
    36848,
    40986,
    55094,
    50336,
    50993,
    2129
  ],
  "precision_avg": 0.461388215343233,
  "recall_avg": 0.3480252968508002,
  "f1_avg": 0.38186038146634393,
  "auc": 0.7776987091594376,
  "confusion_matrix": [
    [
      2384,
      1181,
      1171,
      1098,
      1469,
      859,
      1822,
      25,
      699,
      1894
    ],
    [
      1309,
      1232,
      1251,
      1227,
      734,
      366,
      832,
      72,
      487,
      1366
    ],
    [
      7611,
      5194,
      12278,
      9147,
      4643,
      1049,
      2941,
      183,
      2585,
      7021
    ],
    [
      1038,
      650,
      944,
      4066,
      2879,
      805,
      1155,
      119,
      1448,
      1796
    ],
    [
      3172,
      1202,
      1228,
      4035,
      9492,
      3898,
      4003,
      265,
      3322,
      6231
    ],
    [
      1191,
      1144,
      80,
      1035,
      2928,
      21028,
      8938,
      82,
      2552,
      2008
    ],
    [
      3795,
      1508,
      551,
      2237,
      4286,
      17086,
      18210,
      154,
      3939,
      3328
    ],
    [
      653,
      5773,
      971,
      2577,
      3281,
      658,
      732,
      26840,
      7277,
      1574
    ],
    [
      2956,
      2884,
      3149,
      6006,
      6195,
      2787,
      5297,
      2602,
      17187,
      1930
    ],
    [
      177,
      112,
      143,
      389,
      340,
      134,
      150,
      16,
      132,
      536
    ]
  ],
  "class_names": [
    "Non-Tumor Cells",
    "Tumor Cells"
  ],
  "loss": 1.8738271420363681,
  "multi_class_aucs": [
    0.7054438316472292,
    0.6579277318242114,
    0.8018284736533648,
    0.7215433481537248,
    0.7409725565873286,
    0.8553326073669965,
    0.8019321680468685,
    0.9457076304222682,
    0.7209162166448235,
    0.7316333148414358
  ]
}