{
  "accuracy": 0.3176907494935854,
  "precision_per_class": [
    0.2182890855457227,
    0.3685897435897436,
    0.011786038077969175,
    0.1861598440545809,
    0.24326923076923077,
    0.1849894291754757,
    0.43037008775276614,
    0.6253846153846154,
    0.17523364485981308,
    0.37034331628926226
  ],
  "recall_per_class": [
    0.06390328151986183,
    0.32670454545454547,
    0.14606741573033707,
    0.4884910485933504,
    0.125,
    0.1432078559738134,
    0.5933719095213046,
    0.5645833333333333,
    0.23961661341853036,
    0.3190685966016362
  ],
  "f1_per_class": [
    0.09886439545758183,
    0.3463855421686747,
    0.02181208053691275,
    0.26958362738179253,
    0.16514360313315926,
    0.16143911439114392,
    0.49889429455992923,
    0.5934306569343065,
    0.20242914979757085,
    0.34279918864097364
  ],
  "support_per_class": [
    1158,
    1408,
    89,
    391,
    2024,
    1222,
    1901,
    1440,
    626,
    1589
  ],
  "precision_avg": 0.3359962657172245,
  "recall_avg": 0.3176907494935854,
  "f1_avg": 0.31359219241918856,
  "auc": 0.73467686174709,
  "confusion_matrix": [
    [
      74,
      215,
      74,
      201,
      59,
      167,
      172,
      46,
      86,
      64
    ],
    [
      106,
      460,
      163,
      214,
      105,
      83,
      127,
      48,
      24,
      78
    ],
    [
      2,
      17,
      13,
      22,
      6,
      5,
      7,
      5,
      0,
      12
    ],
    [
      12,
      32,
      53,
      191,
      25,
      10,
      10,
      23,
      13,
      22
    ],
    [
      60,
      280,
      332,
      80,
      253,
      227,
      317,
      104,
      150,
      221
    ],
    [
      24,
      52,
      130,
      25,
      159,
      175,
      350,
      106,
      125,
      76
    ],
    [
      10,
      28,
      92,
      7,
      126,
      108,
      1128,
      38,
      112,
      252
    ],
    [
      17,
      41,
      27,
      37,
      71,
      79,
      156,
      813,
      110,
      89
    ],
    [
      2,
      18,
      81,
      20,
      93,
      34,
      135,
      45,
      150,
      48
    ],
    [
      32,
      105,
      138,
      229,
      143,
      58,
      219,
      72,
      86,
      507
    ]
  ],
  "class_names": [
    "Non-Tumor Cells",
    "Tumor Cells"
  ],
  "loss": 1.9540472635137802,
  "multi_class_aucs": [
    0.6961605199765409,
    0.7904947236372345,
    0.6294877172732146,
    0.828670395945074,
    0.630636756318317,
    0.6896890882783574,
    0.8081568240131402,
    0.8602213041250321,
    0.7033109882857896,
    0.7095814993309533
  ]
}