{
  "train_loss": [
    17.260660416012865,
    16.996150448809995,
    16.939857717077587,
    16.924065011248416,
    16.919401126039183,
    16.91976461497047,
    16.92216545062573,
    16.924281865271947,
    16.926881874726977,
    16.929076510828903,
    16.934404109035032,
    16.931019984471806,
    16.9273167271604,
    16.924454169509875,
    16.921299916354275,
    16.919388033807074,
    16.91712488461845,
    16.914249059744268,
    16.91285524480878,
    16.910559158069752,
    16.909522706525596,
    16.908678307111934,
    16.90641652984504,
    16.905132211266803,
    16.903680876773056,
    16.902923291368683,
    16.90155032028732,
    16.901020454798275,
    16.900020577109018,
    16.89895716751952,
    16.897504938918342,
    16.897525742272133,
    16.89663404359622,
    16.89579918461973,
    16.8954728968765,
    16.894469655961156,
    16.89359720305741,
    16.89255455082834,
    16.892360712411595,
    16.89136609177075,
    16.890644334964772,
    16.89042117662997,
    16.88906165513483,
    16.888794243603694,
    16.888032943138224,
    16.887147255905152,
    16.886254119823707,
    16.88603990880536,
    16.885438548724554,
    16.88483394049817
  ],
  "train_acc": [],
  "val_loss": [
    17.781244286245876,
    17.781425587917997,
    17.77018179142957,
    17.733789693404354,
    17.71497977321398,
    17.747414373860547,
    17.757294577392415,
    17.768760233539453,
    17.775558870265712,
    17.77859052291265,
    17.776419855581775,
    17.772357044176616,
    17.772763952731417,
    17.778771178431196,
    17.775896039308794,
    17.798371315127092,
    17.77616564429277,
    17.762054858688177,
    17.770932647503255,
    17.772007258305045,
    17.767844302944013,
    17.764495806531396,
    17.757369961631095,
    17.741422922179066,
    17.73101878319324,
    17.746422517047836,
    17.734729913364173,
    17.745981775398654,
    17.714532341409843,
    17.719974558044015,
    17.77276030232798,
    17.717853909761992,
    17.713275174114916,
    17.739573513805002,
    17.743647969908896,
    17.74816485605009,
    17.726614961026016,
    17.744757157648078,
    17.743269262093495,
    17.735635671922697,
    17.745037701522918,
    17.76713918361918,
    17.741296304118297,
    17.746755349954167,
    17.743255208185015,
    17.752837422012202,
    17.773140025987768,
    17.758823390272173,
    17.755823608905352,
    17.753363270578987
  ],
  "val_acc": [],
  "val_precision": [],
  "val_recall": [],
  "val_f1": [],
  "val_auc": [],
  "learning_rates": [
    4.9706440482496006e-05,
    9.424145094106073e-05,
    0.00013859961811926039,
    0.00018277996527285892,
    0.00022678080513261682,
    0.0002705997208405443,
    0.0003142335379143454,
    0.00035767828660956383,
    0.0004009291538151189,
    0.0004439804233515929,
    0.00048636670571427696,
    0.00048465578263671955,
    0.0004828650278057375,
    0.000480992100521863,
    0.0004790344573178095,
    0.0004769893162209274,
    0.0004748536152966012,
    0.00047262396422874874,
    0.0004702965873944538,
    0.0004678672565045032,
    0.0004653312103822565,
    0.0004626830588013646,
    0.0004599166664451665,
    0.00045702501191266845,
    0.00045400001517260555,
    0.00045083232480781977,
    0.00044751105357944307,
    0.0004440234469553274,
    0.00044035446381606336,
    0.000436486240860384,
    0.0004323974011849758,
    0.0004280621514047273,
    0.0004234490877959911,
    0.0004185195958889807,
    0.0004132256724108073,
    0.0004075069110879166,
    0.0004012862529001354,
    0.0003944638679674119,
    0.00038690813783692963,
    0.0003784420034934731,
    0.0003688216539462035,
    0.00035770205738388367,
    0.00034457885563401986,
    0.00032868551623805214,
    0.00030880043268205866,
    0.00028285939698705466,
    0.0002471134592730761,
    0.00019416551855045854,
    0.00010891701400177215,
    1e-06
  ],
  "val_multi_auc": []
}