{
  "train_loss": [
    17.24116940604571,
    17.156543196531015,
    17.134921016192532,
    17.120239943293644,
    17.10804558467899,
    17.095741082751985,
    17.082525119436664,
    17.06751410004486,
    17.050104372307793,
    17.028656683752125,
    17.01529422912338,
    17.012386524565013,
    17.010376993486247,
    17.009075385871196,
    17.007132995009787,
    17.005905930142234,
    17.00439607591255,
    17.003295252285735,
    17.002147576742043,
    17.000309043944803,
    16.99912294884689,
    16.998143575588035,
    16.997289923772154,
    16.99623003213176,
    16.9949590345959,
    16.994066584884195,
    16.993514549508042,
    16.99236573499416,
    16.99199205839305,
    16.991102353193426,
    16.990525466442204,
    16.98977415434321,
    16.989202590865954,
    16.988905780384336,
    16.987825375913193,
    16.98705386246298,
    16.98689046175379,
    16.985537319983912,
    16.98533825484453,
    16.985146081335774,
    16.98466804050872,
    16.983935714130297,
    16.983182336919597,
    16.982412238435636,
    16.981951949282823,
    16.98130632733675,
    16.98051969211269,
    16.980331479993346,
    16.97953850819018,
    16.978937346517085
  ],
  "train_acc": [],
  "val_loss": [
    17.673678341559416,
    17.826383410687146,
    17.75686408731559,
    17.724802176310025,
    17.794063880965986,
    17.394080670079138,
    17.576748597497954,
    17.562009999665122,
    17.42326635495808,
    17.51195406722094,
    17.491555734244226,
    17.37922825951502,
    17.38134609382495,
    17.34408331499968,
    17.504825200461784,
    17.365695531545793,
    17.35710038624644,
    17.340838993375513,
    17.305000800147685,
    17.502640319919124,
    17.42630228154717,
    17.612026102250926,
    17.461654965198857,
    17.37079798009164,
    17.37199459145794,
    17.420292244808106,
    17.887540363177006,
    17.450325529217285,
    17.996724270448475,
    17.372802575464448,
    17.333202794574838,
    17.351055935643213,
    17.300129547323582,
    17.31322442608122,
    17.268111782644628,
    17.308712564967248,
    17.479951662097875,
    17.36530944042467,
    17.40455834615939,
    17.36786887801455,
    17.348884380141858,
    17.29060067480362,
    17.496086355384204,
    17.317630134665233,
    17.322099510018628,
    17.285769510014788,
    17.40174253323872,
    17.391035926509936,
    17.33375207089005,
    17.288793746010814
  ],
  "val_acc": [],
  "val_precision": [],
  "val_recall": [],
  "val_f1": [],
  "val_auc": [],
  "learning_rates": [],
  "val_multi_auc": []
}