{
    "nc_ratio_ct": 1.4330475141987462,
    "c_ratio_ct": 1.246367680166093
}