{
    "nc_ratio_ct": 1.1045373253574435,
    "c_ratio_ct": 1.1289391896881529
}