{
    "nc_ratio_ct": 1.575042894168871,
    "c_ratio_ct": 1.5211061277827114
}