{
    "nc_ratio_ct": 1.1858622481258312,
    "c_ratio_ct": 1.3232052309013
}