{
    "nc_ratio_ct": 1.1125846475796726,
    "c_ratio_ct": 1.2059817080924604
}