{
    "nc_ratio_ct": 1.241942865501095,
    "c_ratio_ct": 1.2757723381225037
}