{
    "nc_ratio_ct": 1.1331834136254637,
    "c_ratio_ct": 1.2059810513946378
}