{
    "nc_ratio_ct": 1.7375699053054061,
    "c_ratio_ct": 1.6205199336179645
}