{
    "nc_ratio_ct": 1.165220057814177,
    "c_ratio_ct": 1.197090930567982
}