{
    "nc_ratio_ct": 1.467708561535417,
    "c_ratio_ct": 1.6878298765576611
}