{
    "nc_ratio": 1.4164799451828003,
    "c_ratio": 1.360446572303772
}