{
    "accuracy": 0.04586112367171603,
    "precision_per_class": [
        0.038558256496227995,
        0.03743961352657005,
        0.1509433962264151,
        0.03568876639616189,
        0.05667944974140661,
        0.2949640287769784,
        0.07630662020905923,
        0.054455445544554455,
        0.18405889884763124,
        0.007305618368411898
    ],
    "recall_per_class": [
        0.00558252427184466,
        0.006370735717221537,
        0.0002978628341648671,
        0.5211477547978386,
        0.19527272727272726,
        0.025730495029621447,
        0.01893480892270448,
        0.0011488250652741513,
        0.0219248074429955,
        0.22340425531914893
    ],
    "f1_per_class": [
        0.009752994805470159,
        0.010888654724271163,
        0.0005945524135112036,
        0.0668028039503696,
        0.08785755187740299,
        0.047332086536907486,
        0.030340814630091438,
        0.0022501789915106885,
        0.039182282793867124,
        0.01414855987872663
    ],
    "support_per_class": [
        8240,
        4866,
        26858,
        5367,
        8250,
        39836,
        11566,
        9575,
        26226,
        752
    ],
    "precision_avg": 0.1639149673255631,
    "recall_avg": 0.04586112367171603,
    "f1_avg": 0.03199818705006522,
    "auc": 0.5066711017775674,
    "pr_auc": 0.17341458707751767,
    "confusion_matrix": [
        [
            46,
            44,
            4,
            4557,
            1697,
            159,
            151,
            7,
            172,
            1403
        ],
        [
            47,
            31,
            0,
            2637,
            984,
            116,
            109,
            12,
            95,
            835
        ],
        [
            166,
            133,
            8,
            15026,
            5887,
            538,
            490,
            35,
            647,
            3928
        ],
        [
            44,
            37,
            1,
            2797,
            1069,
            128,
            119,
            3,
            87,
            1082
        ],
        [
            76,
            67,
            2,
            4225,
            1611,
            194,
            149,
            9,
            150,
            1767
        ],
        [
            320,
            198,
            21,
            23103,
            7917,
            1025,
            863,
            69,
            939,
            5381
        ],
        [
            88,
            56,
            4,
            6219,
            2386,
            310,
            219,
            18,
            214,
            2052
        ],
        [
            138,
            85,
            5,
            5058,
            1567,
            299,
            241,
            11,
            232,
            1939
        ],
        [
            259,
            167,
            7,
            14376,
            5175,
            679,
            509,
            38,
            575,
            4441
        ],
        [
            9,
            10,
            1,
            374,
            130,
            27,
            20,
            0,
            13,
            168
        ]
    ],
    "multi_class_aucs": [
        0.4859397524510747,
        0.5117157039957914,
        0.5338101837686908,
        0.465302913988324,
        0.4835778037566973,
        0.5099285640447369,
        0.4885625287156079,
        0.49076081086778883,
        0.48539950262424436,
        0.589997462726966
    ],
    "multi_class_pr_aucs": [
        0.05523015053817477,
        0.03538794194291646,
        0.20470918735554733,
        0.03390849842628418,
        0.056637144035175016,
        0.2882690857655673,
        0.07908560197265721,
        0.06543105254807625,
        0.18071000875870308,
        0.007707096421451494
    ]
}