{
  "accuracy": 0.2939736664415935,
  "precision_per_class": [
    0.18181818181818182,
    0.3782894736842105,
    0.0,
    0.16666666666666666,
    0.26044776119402985,
    0.2764227642276423,
    0.3282498184458969,
    0.32831325301204817,
    0.13,
    0.18585526315789475
  ],
  "recall_per_class": [
    0.024179620034542316,
    0.08167613636363637,
    0.0,
    0.03580562659846547,
    0.517292490118577,
    0.027823240589198037,
    0.7133087848500789,
    0.5298611111111111,
    0.020766773162939296,
    0.0711139081183134
  ],
  "f1_per_class": [
    0.042682926829268296,
    0.13434579439252337,
    0.0,
    0.05894736842105263,
    0.34645929847782925,
    0.05055762081784387,
    0.4496021220159151,
    0.40541976620616366,
    0.03581267217630854,
    0.10286754665452891
  ],
  "support_per_class": [
    1158,
    1408,
    89,
    391,
    2024,
    1222,
    1901,
    1440,
    626,
    1589
  ],
  "precision_avg": 0.26559390522141113,
  "recall_avg": 0.2939736664415935,
  "f1_avg": 0.2235839401831258,
  "auc": 0.6520709841848709,
  "confusion_matrix": [
    [
      28,
      66,
      0,
      14,
      477,
      27,
      176,
      285,
      19,
      66
    ],
    [
      59,
      115,
      0,
      19,
      644,
      6,
      243,
      225,
      10,
      87
    ],
    [
      2,
      0,
      0,
      3,
      32,
      2,
      20,
      22,
      0,
      8
    ],
    [
      4,
      0,
      0,
      14,
      73,
      3,
      65,
      208,
      9,
      15
    ],
    [
      29,
      69,
      0,
      8,
      1047,
      14,
      542,
      175,
      9,
      131
    ],
    [
      9,
      14,
      0,
      2,
      444,
      34,
      480,
      163,
      4,
      72
    ],
    [
      3,
      10,
      0,
      4,
      423,
      20,
      1356,
      60,
      5,
      20
    ],
    [
      7,
      15,
      0,
      2,
      212,
      6,
      362,
      763,
      5,
      68
    ],
    [
      0,
      2,
      0,
      1,
      198,
      4,
      318,
      62,
      13,
      28
    ],
    [
      13,
      13,
      0,
      17,
      470,
      7,
      569,
      361,
      26,
      113
    ]
  ],
  "class_names": [
    "Non-Tumor Cells",
    "Tumor Cells"
  ],
  "loss": 2.1542005471326786,
  "multi_class_aucs": [
    0.6269049569352017,
    0.7133131217890107,
    0.5072748485262544,
    0.4991208091101008,
    0.6607462536290893,
    0.5866291432896429,
    0.8133638531455006,
    0.7609266910069178,
    0.6772883934626359,
    0.5433851662335688
  ]
}