{
  "accuracy": 0.9087,
  "precision_per_class": [
    0.9259634888438134,
    0.9665991902834008,
    0.8767676767676768,
    0.8202247191011236,
    0.8923679060665362,
    0.8683937823834197,
    0.907088122605364,
    0.9560776302349336,
    0.9413489736070382,
    0.9296875
  ],
  "recall_per_class": [
    0.913,
    0.955,
    0.868,
    0.803,
    0.912,
    0.838,
    0.947,
    0.936,
    0.963,
    0.952
  ],
  "f1_per_class": [
    0.919436052366566,
    0.9607645875251509,
    0.8723618090452261,
    0.8115209701869631,
    0.9020771513353115,
    0.8529262086513995,
    0.9266144814090019,
    0.9459322890348661,
    0.9520514087988137,
    0.9407114624505929
  ],
  "support_per_class": [
    1000,
    1000,
    1000,
    1000,
    1000,
    1000,
    1000,
    1000,
    1000,
    1000
  ],
  "precision_avg": 0.9084518989893305,
  "recall_avg": 0.9087,
  "f1_avg": 0.9084396420803892,
  "auc": 0.9943412222222224,
  "confusion_matrix": [
    [
      913,
      1,
      22,
      4,
      4,
      4,
      6,
      4,
      32,
      10
    ],
    [
      3,
      955,
      0,
      3,
      0,
      0,
      1,
      0,
      4,
      34
    ],
    [
      20,
      0,
      868,
      20,
      34,
      14,
      30,
      8,
      4,
      2
    ],
    [
      9,
      1,
      33,
      803,
      20,
      86,
      28,
      4,
      6,
      10
    ],
    [
      2,
      1,
      23,
      23,
      912,
      8,
      13,
      15,
      2,
      1
    ],
    [
      0,
      1,
      18,
      90,
      20,
      838,
      19,
      12,
      0,
      2
    ],
    [
      5,
      0,
      13,
      22,
      9,
      2,
      947,
      0,
      0,
      2
    ],
    [
      8,
      0,
      9,
      11,
      20,
      12,
      0,
      936,
      1,
      3
    ],
    [
      18,
      4,
      3,
      1,
      3,
      0,
      0,
      0,
      963,
      8
    ],
    [
      8,
      25,
      1,
      2,
      0,
      1,
      0,
      0,
      11,
      952
    ]
  ],
  "class_names": [
    "Non-Tumor Cells",
    "Tumor Cells"
  ],
  "loss": 0.2840821114063263,
  "multi_class_aucs": [
    0.9963336666666667,
    0.9979853333333334,
    0.9909895555555556,
    0.9839837777777777,
    0.994105888888889,
    0.9888196666666667,
    0.997187,
    0.9980685555555556,
    0.9981712222222222,
    0.9977675555555555
  ]
}