{
  "accuracy": 0.1685516542876435,
  "precision_per_class": [
    0.11297709923664122,
    0.0,
    0.0,
    0.21694214876033058,
    0.2577092511013216,
    0.14754098360655737,
    0.05194805194805195,
    0.15408046706434828,
    0.0,
    0.014218009478672985
  ],
  "recall_per_class": [
    0.06390328151986183,
    0.0,
    0.0,
    0.26854219948849106,
    0.2890316205533597,
    0.007364975450081833,
    0.0021041557075223566,
    0.8430555555555556,
    0.0,
    0.003775959723096287
  ],
  "f1_per_class": [
    0.08163265306122448,
    0.0,
    0.0,
    0.24,
    0.2724732184443409,
    0.014029618082618862,
    0.004044489383215369,
    0.2605429767142397,
    0.0,
    0.005967180507210343
  ],
  "support_per_class": [
    1158,
    1408,
    89,
    391,
    2024,
    1222,
    1901,
    1440,
    626,
    1589
  ],
  "precision_avg": 0.10641222178132405,
  "recall_avg": 0.1685516542876435,
  "f1_avg": 0.09700817946363596,
  "auc": 0.5865133130239211,
  "pr_auc": 0.16429467298038555,
  "confusion_matrix": [
    [
      74,
      0,
      0,
      101,
      269,
      25,
      10,
      679,
      0,
      0
    ],
    [
      153,
      0,
      0,
      86,
      294,
      9,
      8,
      857,
      0,
      1
    ],
    [
      7,
      0,
      0,
      11,
      18,
      0,
      1,
      51,
      0,
      1
    ],
    [
      11,
      0,
      0,
      105,
      42,
      2,
      4,
      227,
      0,
      0
    ],
    [
      171,
      0,
      0,
      16,
      585,
      5,
      20,
      1187,
      0,
      40
    ],
    [
      48,
      0,
      0,
      6,
      322,
      9,
      21,
      804,
      0,
      12
    ],
    [
      41,
      0,
      0,
      0,
      290,
      1,
      4,
      1225,
      0,
      340
    ],
    [
      82,
      0,
      0,
      22,
      116,
      3,
      2,
      1214,
      0,
      1
    ],
    [
      24,
      0,
      0,
      3,
      98,
      0,
      1,
      479,
      0,
      21
    ],
    [
      44,
      0,
      0,
      134,
      236,
      7,
      6,
      1156,
      0,
      6
    ]
  ],
  "class_names": [
    "Non-Tumor Cells",
    "Tumor Cells"
  ],
  "loss": 2.2519995636589054,
  "multi_class_aucs": [
    0.5650408109850377,
    0.6503555218129571,
    0.45235827016552466,
    0.7234829129803042,
    0.5798726056861635,
    0.6405584085972615,
    0.6166284146587117,
    0.6171977418545563,
    0.48349765664546424,
    0.46900034236006133
  ],
  "multi_class_pr_aucs": [
    0.1303688508128114,
    0.22557881443455544,
    0.008568146555834946,
    0.1428748003457128,
    0.2089225694308828,
    0.15742945140153752,
    0.1901156900087287,
    0.15880570281530978,
    0.04687633771138983,
    0.11748381196923871
  ]
}