{
  "train_loss": [
    17.237831710373694,
    16.967748440517497,
    16.9107165537192,
    16.892860333274136,
    16.889860224781398,
    16.889914231321942,
    16.891207522942437,
    16.893743571795575,
    16.8954820218533,
    16.89830248339002,
    16.903885566635385,
    16.89916186566815,
    16.89503805848082,
    16.891106167076497,
    16.888959862764246,
    16.88660636837182,
    16.88438756521112,
    16.88190238178941,
    16.879956989638288,
    16.877772363790527,
    16.87647220927844,
    16.87469283824031,
    16.873479124864897,
    16.87254131546526,
    16.870762185872334,
    16.869540665922894,
    16.868755003365262,
    16.867494266745542,
    16.866880532799108,
    16.86598408955426,
    16.86470946927106,
    16.86437384868145,
    16.86374711833815,
    16.86224749823675,
    16.86111599320242,
    16.860763266374704,
    16.859927005622932,
    16.85909420784738,
    16.858788652280175,
    16.857460759713938,
    16.85665095737957,
    16.856305600701997,
    16.855574978537714,
    16.85518085861302,
    16.85406949101214,
    16.853627154053243,
    16.85295195752059,
    16.852844963496164,
    16.852308996951237,
    16.851082891557173
  ],
  "train_acc": [],
  "val_loss": [
    17.37462543578223,
    17.235930458274115,
    17.195274196318667,
    17.19686518215142,
    17.21122960076782,
    17.179738922689452,
    17.15744144375184,
    17.185868793484744,
    17.18550698137442,
    17.181285387935667,
    17.18316248632439,
    17.178566474237584,
    17.197565669434987,
    17.180325642709434,
    17.177128783229136,
    17.16310985332125,
    17.181332720523198,
    17.183222024867163,
    17.17331734132308,
    17.19666436930007,
    17.186156644157368,
    17.175473405713056,
    17.170475165390673,
    17.178623477435504,
    17.189041171439474,
    17.18759325286201,
    17.185980040520004,
    17.165353397211813,
    17.171620296197787,
    17.17242361691968,
    17.195214787931015,
    17.188359689430435,
    17.19955970919637,
    17.17823093065621,
    17.193591508057466,
    17.164315852085476,
    17.185831748251466,
    17.187166585764352,
    17.184263916112123,
    17.202592440546383,
    17.16575839534,
    17.179503796632595,
    17.181950085118626,
    17.178600872504354,
    17.180072693324007,
    17.18739531679679,
    17.177651190532718,
    17.16560543424363,
    17.18115903882081,
    17.186985606960768
  ],
  "val_acc": [],
  "val_precision": [],
  "val_recall": [],
  "val_f1": [],
  "val_auc": [],
  "learning_rates": [
    4.970637938032109e-05,
    9.42413899595165e-05,
    0.00013859955725846574,
    0.000182779904533172,
    0.00022678074451463757,
    0.0002705996603451194,
    0.00031423347754257506,
    0.0003576782263628108,
    0.00040092909369501974,
    0.00044398036336007154,
    0.00048636670571427696,
    0.00048465578263671955,
    0.0004828650278057375,
    0.000480992100521863,
    0.0004790344573178095,
    0.0004769893162209274,
    0.0004748536152966012,
    0.00047262396422874874,
    0.0004702965873944538,
    0.0004678672565045032,
    0.0004653312103822565,
    0.0004626830588013646,
    0.0004599166664451665,
    0.00045702501191266845,
    0.00045400001517260555,
    0.00045083232480781977,
    0.00044751105357944307,
    0.0004440234469553274,
    0.00044035446381606336,
    0.000436486240860384,
    0.0004323974011849758,
    0.0004280621514047273,
    0.0004234490877959911,
    0.0004185195958889807,
    0.0004132256724108073,
    0.0004075069110879166,
    0.0004012862529001354,
    0.0003944638679674119,
    0.00038690813783692963,
    0.0003784420034934731,
    0.0003688216539462035,
    0.00035770205738388367,
    0.00034457885563401986,
    0.00032868551623805214,
    0.00030880043268205866,
    0.00028285939698705466,
    0.0002471134592730761,
    0.00019416551855045854,
    0.00010891701400177215,
    1e-06
  ],
  "val_multi_auc": []
}