{
  "accuracy": 0.3407055180802831,
  "precision_per_class": [
    0.22796934865900384,
    0.3133514986376022,
    0.01283147989734816,
    0.18469217970049917,
    0.29693486590038315,
    0.21870047543581617,
    0.5926165803108808,
    0.614070351758794,
    0.2466281310211946,
    0.42420937840785167
  ],
  "recall_per_class": [
    0.13853317811408614,
    0.3034300791556728,
    0.19230769230769232,
    0.3425925925925926,
    0.20875420875420875,
    0.16140350877192983,
    0.6153328850033625,
    0.6146881287726358,
    0.24150943396226415,
    0.30061823802163834
  ],
  "f1_per_class": [
    0.1723388848660391,
    0.30831099195710454,
    0.024057738572574178,
    0.24,
    0.24515618821668644,
    0.1857335127860027,
    0.603761134938964,
    0.6143790849673203,
    0.2440419447092469,
    0.3518769787426504
  ],
  "support_per_class": [
    859,
    1137,
    78,
    324,
    1485,
    855,
    1487,
    994,
    530,
    1294
  ],
  "precision_avg": 0.3773229302372221,
  "recall_avg": 0.3407055180802831,
  "f1_avg": 0.35322801678627386,
  "auc": 0.7573622472790059,
  "confusion_matrix": [
    [
      119,
      183,
      89,
      126,
      84,
      64,
      38,
      40,
      53,
      63
    ],
    [
      224,
      345,
      147,
      117,
      124,
      28,
      43,
      52,
      9,
      48
    ],
    [
      8,
      13,
      15,
      12,
      14,
      4,
      2,
      2,
      1,
      7
    ],
    [
      32,
      58,
      43,
      111,
      27,
      3,
      7,
      18,
      7,
      18
    ],
    [
      77,
      252,
      259,
      50,
      310,
      143,
      100,
      87,
      74,
      133
    ],
    [
      13,
      68,
      152,
      13,
      116,
      138,
      149,
      55,
      89,
      62
    ],
    [
      3,
      31,
      109,
      3,
      123,
      110,
      915,
      41,
      47,
      105
    ],
    [
      8,
      29,
      42,
      25,
      47,
      58,
      69,
      611,
      58,
      47
    ],
    [
      2,
      24,
      82,
      12,
      77,
      44,
      89,
      27,
      128,
      45
    ],
    [
      36,
      98,
      231,
      132,
      122,
      39,
      132,
      62,
      53,
      389
    ]
  ],
  "class_names": [
    "Non-Tumor Cells",
    "Tumor Cells"
  ],
  "loss": 1.924925768650911,
  "multi_class_aucs": [
    0.7044719131682592,
    0.7883707663551568,
    0.6450484076250947,
    0.8107931592562857,
    0.697775274131453,
    0.7037344623568367,
    0.8611838599074457,
    0.8715812079583977,
    0.7363288998623636,
    0.7407893086070038
  ]
}