{
  "train_loss": [
    17.292949866660702,
    17.00908181969616,
    16.925116725163626,
    16.891095146300376,
    16.87859752818136,
    16.875076589382633,
    16.875617765030707,
    16.87607671523415,
    16.87806802936614,
    16.880908035178503,
    16.887787300451734,
    16.883677758017754,
    16.879028843114362,
    16.874421436320556,
    16.871091592885254,
    16.867753812174882,
    16.865621369864556,
    16.863199297639554,
    16.860955360245203,
    16.8590361380414,
    16.857616465887535,
    16.85492299700747,
    16.854057509555293,
    16.85240091173432,
    16.85107610034106,
    16.85010449472365,
    16.848590048002926,
    16.84802745157793,
    16.84567757753208,
    16.845162226250235,
    16.844338351043326,
    16.843584376272204,
    16.842248084733342,
    16.840889179378596,
    16.840204420840905,
    16.839920709261676,
    16.838652878347432,
    16.837023863358706,
    16.83648226246416,
    16.83537965635129,
    16.834811996272972,
    16.83359615621547,
    16.832767079096893,
    16.83133485381621,
    16.83081317635338,
    16.829811818699046,
    16.829069954527775,
    16.828276152263694,
    16.827323365537342,
    16.82616578665958
  ],
  "train_acc": [],
  "val_loss": [
    17.415932762470746,
    17.23790727357427,
    17.168015142741012,
    17.169165950345793,
    17.14183416699904,
    17.2071410376485,
    17.134976343827145,
    17.144392691425157,
    17.317461254084307,
    17.19983919040768,
    17.225141078499227,
    17.18141370036801,
    17.199114315713224,
    17.2135590860824,
    17.2685864327039,
    17.227335620534003,
    17.501689873555012,
    17.249511580125617,
    17.309679284567153,
    17.309555401055594,
    17.232149123284707,
    17.28885610386868,
    17.17929304530466,
    17.236339694773882,
    17.35590299653473,
    17.439587826651394,
    17.41764266100658,
    17.245081429653723,
    17.31387155496772,
    17.382031087429002,
    17.21412786180689,
    17.32890622617938,
    17.276754468122533,
    17.282139521002634,
    17.266803494773598,
    17.227711997487358,
    17.266848497247373,
    17.254800716941137,
    17.36790118262902,
    17.33413939931187,
    17.305054828161417,
    17.27089272647755,
    17.27055762492789,
    17.337387065476737,
    17.298384531307082,
    17.246916662537835,
    17.334237465559305,
    17.375783408611106,
    17.228916181753455,
    17.259143429287615
  ],
  "val_acc": [],
  "val_precision": [],
  "val_recall": [],
  "val_f1": [],
  "val_auc": [],
  "learning_rates": [
    4.970611468280532e-05,
    9.424112578457847e-05,
    0.0001385992936066208,
    0.00018277964140597124,
    0.00022678048191468017,
    0.00027059939827607336,
    0.00031423321600920664,
    0.00035767796537102334,
    0.00040092883325190253,
    0.00044398010347395945,
    0.00048636670571427696,
    0.00048465578263671955,
    0.0004828650278057375,
    0.000480992100521863,
    0.0004790344573178095,
    0.0004769893162209274,
    0.0004748536152966012,
    0.00047262396422874874,
    0.0004702965873944538,
    0.0004678672565045032,
    0.0004653312103822565,
    0.0004626830588013646,
    0.0004599166664451665,
    0.00045702501191266845,
    0.00045400001517260555,
    0.00045083232480781977,
    0.00044751105357944307,
    0.0004440234469553274,
    0.00044035446381606336,
    0.000436486240860384,
    0.0004323974011849758,
    0.0004280621514047273,
    0.0004234490877959911,
    0.0004185195958889807,
    0.0004132256724108073,
    0.0004075069110879166,
    0.0004012862529001354,
    0.0003944638679674119,
    0.00038690813783692963,
    0.0003784420034934731,
    0.0003688216539462035,
    0.00035770205738388367,
    0.00034457885563401986,
    0.00032868551623805214,
    0.00030880043268205866,
    0.00028285939698705466,
    0.0002471134592730761,
    0.00019416551855045854,
    0.00010891701400177215,
    1e-06
  ],
  "val_multi_auc": []
}