{
  "accuracy": 0.0277733245888897,
  "precision_per_class": [
    0.05555555555555555,
    0.032116788321167884,
    0.012720017562663843,
    0.09322469643634063,
    0.2318840579710145,
    0.060556464811783964,
    0.42857142857142855,
    0.28205128205128205,
    0.053811275558217124,
    0.10204081632653061
  ],
  "recall_per_class": [
    5.998440405494571e-05,
    0.00308058531120913,
    0.76953125,
    0.1169901225988981,
    0.00040465351542741526,
    0.001822390779687731,
    0.00012539709078749373,
    0.0002830892760635149,
    0.12339382050024522,
    0.0010327911179963851
  ],
  "f1_per_class": [
    0.0001198394151836539,
    0.005621925509486999,
    0.025026360252550273,
    0.1037640325775919,
    0.0008078971950819258,
    0.0035382997035478627,
    0.00025072082236429733,
    0.0005656108597285068,
    0.07494117296637179,
    0.0020448852308164204
  ],
  "support_per_class": [
    16671,
    14283,
    2560,
    20147,
    39540,
    20303,
    23924,
    38857,
    10195,
    19365
  ],
  "precision_avg": 0.1818419752816811,
  "recall_avg": 0.0277733245888897,
  "f1_avg": 0.015411014367714094,
  "auc": 0.5177559299504204,
  "confusion_matrix": [
    [
      1,
      75,
      11677,
      3149,
      1,
      112,
      0,
      0,
      1619,
      37
    ],
    [
      2,
      44,
      10304,
      2604,
      1,
      52,
      0,
      0,
      1269,
      7
    ],
    [
      0,
      9,
      1970,
      381,
      0,
      8,
      0,
      1,
      189,
      2
    ],
    [
      0,
      31,
      16763,
      2357,
      2,
      44,
      2,
      0,
      938,
      10
    ],
    [
      3,
      227,
      28960,
      5646,
      16,
      95,
      1,
      7,
      4553,
      32
    ],
    [
      0,
      118,
      14328,
      2715,
      7,
      37,
      1,
      5,
      3076,
      16
    ],
    [
      1,
      246,
      16376,
      2108,
      14,
      66,
      3,
      7,
      5080,
      23
    ],
    [
      6,
      263,
      32844,
      2391,
      13,
      57,
      0,
      11,
      3233,
      39
    ],
    [
      2,
      95,
      7653,
      1146,
      3,
      21,
      0,
      7,
      1258,
      10
    ],
    [
      3,
      262,
      13999,
      2786,
      12,
      119,
      0,
      1,
      2163,
      20
    ]
  ],
  "class_names": [
    "Non-Tumor Cells",
    "Tumor Cells"
  ],
  "loss": 0,
  "multi_class_aucs": [
    0.41720999062493114,
    0.44040898666749023,
    0.4936209958463488,
    0.5212364988907957,
    0.5582289992652797,
    0.5459616656157134,
    0.6515748148196646,
    0.4338404300878291,
    0.5534633195995241,
    0.5855056543486056
  ]
}