{
  "accuracy": 0.4892846653605575,
  "precision_per_class": [
    0.11510791366906475,
    0.3141359603422689,
    0.4703460704692866,
    0.4323046092184369,
    0.4080458180007194,
    0.505056629761878,
    0.33813460773567894,
    0.7905568586233679,
    0.3810716529118255,
    0.31443298969072164
  ],
  "recall_per_class": [
    0.00011566711005725522,
    0.0780570854712925,
    0.6407394988303164,
    0.1029355626813254,
    0.18901876345739774,
    0.34690037071124113,
    0.3405854055359999,
    0.8103369059784374,
    0.59990546597397,
    0.0033022953659592896
  ],
  "f1_per_class": [
    0.00023110199542129172,
    0.1250432039414563,
    0.5424772201105521,
    0.16627869332634468,
    0.25835836975658466,
    0.41129853266601235,
    0.33935558182904085,
    0.8003246848503223,
    0.46608012176511093,
    0.006535947712418301
  ],
  "support_per_class": [
    138328,
    127458,
    509967,
    104784,
    156048,
    194491,
    326987,
    504948,
    482366,
    18472
  ],
  "precision_avg": 0.4689843329052998,
  "recall_avg": 0.4892846653605575,
  "f1_avg": 0.45649251189042944,
  "auc": 0.83256694371494,
  "pr_auc": 0.48493863436000484,
  "confusion_matrix": [
    [
      16,
      4051,
      89913,
      854,
      2191,
      783,
      9257,
      5478,
      25785,
      0
    ],
    [
      22,
      9949,
      55477,
      774,
      2221,
      682,
      8329,
      23113,
      26891,
      0
    ],
    [
      16,
      10063,
      326756,
      2816,
      5149,
      991,
      21459,
      19021,
      123696,
      0
    ],
    [
      0,
      1147,
      52394,
      10786,
      9335,
      522,
      2544,
      6314,
      21652,
      90
    ],
    [
      15,
      2270,
      38652,
      3877,
      29496,
      3840,
      16570,
      9821,
      51471,
      36
    ],
    [
      11,
      207,
      3702,
      194,
      2500,
      67469,
      72176,
      666,
      47566,
      0
    ],
    [
      44,
      1364,
      36201,
      1093,
      6708,
      35691,
      111367,
      32217,
      102299,
      3
    ],
    [
      0,
      1059,
      14062,
      693,
      1440,
      705,
      9772,
      409178,
      68039,
      0
    ],
    [
      11,
      1084,
      72594,
      2268,
      6363,
      22714,
      76879,
      11075,
      289374,
      4
    ],
    [
      4,
      477,
      4963,
      1595,
      6883,
      190,
      1004,
      699,
      2596,
      61
    ]
  ],
  "class_names": [
    "Non-Tumor Cells",
    "Tumor Cells"
  ],
  "loss": 1.433303557499384,
  "multi_class_aucs": [
    0.7837643307785013,
    0.7445958456438313,
    0.8438603329953402,
    0.8431035594428922,
    0.8495353138119507,
    0.9278564365299095,
    0.7607204711609598,
    0.9650929797367536,
    0.7849647977397269,
    0.9034336243275538
  ],
  "multi_class_pr_aucs": [
    0.13390663865459965,
    0.15571047591875412,
    0.5297113610102728,
    0.2525252400643064,
    0.28016199350842247,
    0.4635557075494848,
    0.3025290913896737,
    0.8580742019707096,
    0.4968709514392324,
    0.14011550637108652
  ]
}