{
  "accuracy": 0.5250266472341258,
  "precision_per_class": [
    0.14323607427055704,
    0.2073114298935678,
    0.6421471172962226,
    0.20673425054308472,
    0.49428172942817294,
    0.624026512013256,
    0.4267585206671501,
    0.8635437881873728,
    0.6500513874614594,
    0.053217821782178217
  ],
  "recall_per_class": [
    0.24107142857142858,
    0.18428630193336076,
    0.4172146547674965,
    0.38193979933110367,
    0.3168812589413448,
    0.7014341590612777,
    0.4356838793263002,
    0.901112639079885,
    0.5729166666666666,
    0.4271523178807947
  ],
  "f1_per_class": [
    0.17970049916805325,
    0.1951219512195122,
    0.5058011246352053,
    0.2682640357058962,
    0.38618284842541134,
    0.6604700105226237,
    0.4311750160271087,
    0.8819283005016518,
    0.609051516610496,
    0.0946441672780631
  ],
  "support_per_class": [
    2240,
    2431,
    8516,
    1495,
    5592,
    5369,
    5403,
    7999,
    6624,
    302
  ],
  "precision_avg": 0.5710581114931957,
  "recall_avg": 0.5250266472341258,
  "f1_avg": 0.53812291529592,
  "auc": 0.8704571080749234,
  "confusion_matrix": [
    [
      540,
      231,
      469,
      97,
      99,
      90,
      433,
      64,
      88,
      129
    ],
    [
      395,
      448,
      345,
      148,
      107,
      72,
      250,
      219,
      257,
      190
    ],
    [
      1457,
      642,
      3553,
      1027,
      311,
      83,
      520,
      141,
      383,
      399
    ],
    [
      29,
      42,
      348,
      571,
      197,
      9,
      27,
      18,
      101,
      153
    ],
    [
      418,
      179,
      283,
      642,
      1772,
      146,
      460,
      132,
      350,
      1210
    ],
    [
      86,
      67,
      4,
      11,
      154,
      3766,
      836,
      28,
      363,
      54
    ],
    [
      583,
      186,
      132,
      24,
      196,
      1466,
      2354,
      97,
      320,
      45
    ],
    [
      29,
      151,
      33,
      19,
      260,
      17,
      71,
      7208,
      166,
      45
    ],
    [
      209,
      205,
      346,
      183,
      450,
      380,
      548,
      438,
      3795,
      70
    ],
    [
      24,
      10,
      20,
      40,
      39,
      6,
      17,
      2,
      15,
      129
    ]
  ],
  "class_names": [
    "Non-Tumor Cells",
    "Tumor Cells"
  ],
  "loss": 1.5049485602208423,
  "multi_class_aucs": [
    0.7725031758690305,
    0.7490284871171954,
    0.8813442562890093,
    0.8748089308096269,
    0.873053003850746,
    0.9407087951951736,
    0.8676252973097579,
    0.9852487469892969,
    0.8813769179500268,
    0.8548572734500876
  ]
}