{
  "accuracy": 0.08676030627250139,
  "precision_per_class": [
    0.06557377049180328,
    0.0,
    0.018867924528301886,
    0.0,
    0.16666666666666666,
    0.010416666666666666,
    0.3,
    0.3712871287128713,
    0.0770797149188477,
    0.08951564917291444
  ],
  "recall_per_class": [
    0.0013166556945358788,
    0.0,
    0.0003053435114503817,
    0.0,
    0.0002676659528907923,
    0.0028653295128939827,
    0.00030165912518853697,
    0.0035685397535328545,
    0.24155405405405406,
    0.735288367546432
  ],
  "f1_per_class": [
    0.0025814778960955146,
    0.0,
    0.0006009615384615385,
    0.0,
    0.0005344735435595938,
    0.0044943820224719105,
    0.0006027122049221497,
    0.007069136151562279,
    0.11686719636776391,
    0.15960110333121155
  ],
  "support_per_class": [
    3038,
    2913,
    3275,
    4447,
    3736,
    349,
    9945,
    21017,
    5328,
    5115
  ],
  "precision_avg": 0.21200247623824206,
  "recall_avg": 0.08676030627250139,
  "f1_avg": 0.02716174102958453,
  "auc": 0.5000343807789318,
  "confusion_matrix": [
    [
      4,
      0,
      1,
      4,
      0,
      8,
      0,
      25,
      787,
      2209
    ],
    [
      6,
      0,
      1,
      4,
      0,
      4,
      0,
      11,
      748,
      2139
    ],
    [
      2,
      0,
      1,
      1,
      0,
      6,
      1,
      20,
      888,
      2356
    ],
    [
      2,
      1,
      2,
      0,
      1,
      4,
      1,
      19,
      1262,
      3155
    ],
    [
      1,
      0,
      3,
      0,
      1,
      0,
      1,
      11,
      868,
      2851
    ],
    [
      1,
      0,
      0,
      0,
      0,
      1,
      0,
      1,
      91,
      255
    ],
    [
      9,
      2,
      10,
      0,
      0,
      13,
      3,
      19,
      2433,
      7456
    ],
    [
      26,
      3,
      28,
      0,
      3,
      42,
      4,
      75,
      7009,
      13827
    ],
    [
      6,
      3,
      2,
      1,
      1,
      11,
      0,
      11,
      1287,
      4006
    ],
    [
      4,
      0,
      5,
      4,
      0,
      7,
      0,
      10,
      1324,
      3761
    ]
  ],
  "class_names": [
    "Non-Tumor Cells",
    "Tumor Cells"
  ],
  "loss": 4.476706355867025,
  "multi_class_aucs": [
    0.5433363791381918,
    0.5388780318114201,
    0.5409507154986091,
    0.5307201112211564,
    0.44659052771882873,
    0.4911842179751171,
    0.46970234579430636,
    0.5213284054160319,
    0.4166633790379959,
    0.5085977194450666
  ]
}