{
  "accuracy": 0.3723217005720475,
  "precision_per_class": [
    0.20924574209245742,
    0.15929824561403508,
    0.07318484234885739,
    0.13402061855670103,
    0.19650996223466596,
    0.014814814814814815,
    0.2864352347453739,
    0.5172354479152332,
    0.44845995893223817,
    0.2759791713832918
  ],
  "recall_per_class": [
    0.2548567665459335,
    0.07928746070555362,
    0.07465329005606373,
    0.002943840579710145,
    0.40783783783783784,
    0.01238390092879257,
    0.18629401233339965,
    0.7170792197262364,
    0.20278551532033426,
    0.24616316639741517
  ],
  "f1_per_class": [
    0.22980997624703087,
    0.10587686567164178,
    0.07391177329827636,
    0.005761134500332373,
    0.26522541523859744,
    0.013490725126475547,
    0.2257578496956548,
    0.6009793144798641,
    0.2792838874680307,
    0.26021987405272706
  ],
  "support_per_class": [
    3037,
    2863,
    3389,
    4416,
    3700,
    323,
    10054,
    20967,
    5385,
    4952
  ],
  "precision_avg": 0.34135974589169593,
  "recall_avg": 0.3723217005720475,
  "f1_avg": 0.33723273419090827,
  "auc": 0.6864475109689703,
  "confusion_matrix": [
    [
      774,
      254,
      190,
      6,
      508,
      24,
      152,
      828,
      63,
      238
    ],
    [
      576,
      227,
      200,
      5,
      433,
      24,
      171,
      1014,
      32,
      181
    ],
    [
      640,
      120,
      253,
      6,
      536,
      27,
      265,
      1239,
      90,
      213
    ],
    [
      486,
      106,
      271,
      13,
      626,
      14,
      294,
      2297,
      41,
      268
    ],
    [
      392,
      58,
      233,
      2,
      1509,
      20,
      223,
      760,
      191,
      312
    ],
    [
      23,
      3,
      29,
      0,
      100,
      4,
      38,
      89,
      10,
      27
    ],
    [
      228,
      110,
      445,
      10,
      1480,
      34,
      1873,
      4522,
      618,
      734
    ],
    [
      7,
      363,
      1208,
      50,
      677,
      71,
      2604,
      15035,
      102,
      850
    ],
    [
      282,
      74,
      333,
      3,
      1193,
      19,
      440,
      1574,
      1092,
      375
    ],
    [
      291,
      110,
      295,
      2,
      617,
      33,
      479,
      1710,
      196,
      1219
    ]
  ],
  "class_names": [
    "Non-Tumor Cells",
    "Tumor Cells"
  ],
  "loss": 2.1414983221790793,
  "multi_class_aucs": [
    0.7312544853137318,
    0.6837711410282773,
    0.6356232799954638,
    0.559414548887528,
    0.7450163959864968,
    0.651466279854602,
    0.6316932312453524,
    0.7441051418537394,
    0.6795990945220827,
    0.6647199079314521
  ]
}