{
  "precision_per_class": [
    0.35620394930739757,
    0.2694489465153971,
    0.07157936403219423,
    0.5387186934838604,
    0.09267515923566878,
    0.07011530071673419,
    0.43919388464211256,
    0.27994676131322094,
    0.5284397434263625,
    0.7449749130421399,
    0.1788711887632751,
    0.3523893000908973
  ],
  "recall_per_class": [
    0.3682286271403327,
    0.18753525098702764,
    0.42919303797468356,
    0.5007896479698405,
    0.941747572815534,
    0.6880733944954128,
    0.11463812806094685,
    0.22647797774701328,
    0.512757099872223,
    0.6417585914297836,
    0.4227732793522267,
    0.5626976310196464
  ],
  "f1_per_class": [
    0.3621164908916587,
    0.22115064848686397,
    0.12269591767499717,
    0.5190622029781392,
    0.16874456364163526,
    0.12726244343891402,
    0.18181818181818182,
    0.25038972818230776,
    0.5204803146311869,
    0.6895254918161228,
    0.2513842079922966,
    0.43337658448947003
  ],
  "support_per_class": [
    16411,
    14184,
    2528,
    19629,
    309,
    327,
    38591,
    19503,
    24261,
    37712,
    9880,
    19291
  ],
  "precision_avg": 0.45583215293558915,
  "recall_avg": 0.39801901039353293,
  "f1_avg": 0.39998172461452564,
  "auc": 0.8430298262974838,
  "confusion_matrix": [
    [
      6043,
      1110,
      1444,
      1776,
      422,
      213,
      459,
      760,
      455,
      502,
      1174,
      2053
    ],
    [
      1985,
      2660,
      2524,
      1736,
      338,
      226,
      770,
      490,
      833,
      505,
      689,
      1428
    ],
    [
      137,
      248,
      1085,
      149,
      40,
      45,
      116,
      96,
      102,
      81,
      84,
      345
    ],
    [
      2481,
      830,
      1447,
      9830,
      285,
      257,
      615,
      565,
      626,
      316,
      1069,
      1308
    ],
    [
      1,
      1,
      2,
      0,
      291,
      5,
      2,
      2,
      1,
      1,
      0,
      3
    ],
    [
      9,
      6,
      10,
      15,
      6,
      225,
      6,
      7,
      7,
      6,
      5,
      25
    ],
    [
      2403,
      2595,
      3880,
      2137,
      830,
      619,
      4424,
      3919,
      4056,
      2155,
      5219,
      6354
    ],
    [
      1015,
      523,
      1414,
      745,
      345,
      249,
      1055,
      4417,
      1991,
      1561,
      3873,
      2315
    ],
    [
      371,
      738,
      932,
      518,
      93,
      256,
      929,
      2132,
      12440,
      1095,
      3058,
      1699
    ],
    [
      994,
      584,
      1055,
      729,
      246,
      593,
      758,
      1485,
      1237,
      24202,
      2536,
      3293
    ],
    [
      490,
      150,
      282,
      231,
      65,
      159,
      368,
      1014,
      1048,
      770,
      4177,
      1126
    ],
    [
      1036,
      427,
      1083,
      381,
      179,
      362,
      571,
      891,
      745,
      1293,
      1468,
      10855
    ]
  ],
  "class_names": [
    "Non-tumor",
    "Tumor"
  ],
  "multi_class_aucs": [
    0.8246155646335076,
    0.7862781446924358,
    0.8460128320746252,
    0.8766014625762335,
    0.9964484425279415,
    0.9740937555823334,
    0.7195846051979022,
    0.7407816136598914,
    0.8842725156853187,
    0.8955034291596856,
    0.8070448664981722,
    0.8380419342665897
  ]
}