{
  "accuracy": 0.4634077106525958,
  "precision_per_class": [
    0.32752613240418116,
    0.1829818181818182,
    0.4431587136384184,
    0.3251681778297748,
    0.44305888713906255,
    0.49454830404119554,
    0.324241976083689,
    0.7609969994544462,
    0.3533515853738204,
    0.07784431137724551
  ],
  "recall_per_class": [
    0.0004144602537025851,
    0.029243232562734638,
    0.5881605237308568,
    0.10221970225188295,
    0.2900386811877962,
    0.21085807562215017,
    0.46328851896973683,
    0.9093654555114786,
    0.49919706816614395,
    0.00036771985404350407
  ],
  "f1_per_class": [
    0.0008278728950891285,
    0.050427410384118174,
    0.5054661091639018,
    0.1555429897225736,
    0.3505787520415058,
    0.2956579546164348,
    0.38149020471249784,
    0.8285918795581144,
    0.4137994347139074,
    0.000731981981981982
  ],
  "support_per_class": [
    226801,
    172074,
    716704,
    130513,
    355987,
    314273,
    463765,
    613574,
    595941,
    35353
  ],
  "precision_avg": 0.44402863131925546,
  "recall_avg": 0.4634077106525958,
  "f1_avg": 0.42513387754357196,
  "auc": 0.811427787503868,
  "pr_auc": 0.4438758150204205,
  "confusion_matrix": [
    [
      94,
      2923,
      101554,
      2363,
      14852,
      2812,
      51990,
      6049,
      44160,
      4
    ],
    [
      30,
      5032,
      92293,
      2062,
      7113,
      1500,
      19360,
      15691,
      28991,
      2
    ],
    [
      105,
      8653,
      421537,
      12104,
      28835,
      2500,
      66575,
      26208,
      150183,
      4
    ],
    [
      3,
      1262,
      57734,
      13341,
      21907,
      580,
      5691,
      7454,
      22488,
      53
    ],
    [
      15,
      3266,
      84185,
      4419,
      103250,
      9879,
      50555,
      18744,
      81588,
      86
    ],
    [
      4,
      194,
      7286,
      51,
      7124,
      66267,
      159806,
      1573,
      71968,
      0
    ],
    [
      30,
      648,
      57530,
      715,
      18934,
      37050,
      214857,
      17310,
      116689,
      2
    ],
    [
      0,
      3350,
      14651,
      1308,
      4642,
      473,
      8577,
      557963,
      22610,
      0
    ],
    [
      5,
      1522,
      104670,
      3148,
      14120,
      12356,
      81814,
      80811,
      297492,
      3
    ],
    [
      1,
      650,
      9770,
      1517,
      12262,
      578,
      3419,
      1397,
      5746,
      13
    ]
  ],
  "class_names": [
    "Non-Tumor Cells",
    "Tumor Cells"
  ],
  "loss": 1.5365713646288124,
  "multi_class_aucs": [
    0.7252857245833287,
    0.7320227417635016,
    0.8129792287560338,
    0.8271538191451726,
    0.8190821442496715,
    0.912947077391669,
    0.7946077236628485,
    0.9769102987342999,
    0.7463127730300326,
    0.8307898643256274
  ],
  "multi_class_pr_aucs": [
    0.12226844005574712,
    0.11408566249154976,
    0.4725368321972469,
    0.1835705580375521,
    0.3613161261717176,
    0.436712747893736,
    0.3057145271037118,
    0.8886984315500029,
    0.40945655309765894,
    0.059662333858744754
  ]
}