{
  "train_loss": [
    16.48636040341362,
    16.298688384475398,
    16.277087683243217,
    16.27020248271873,
    16.264970675533792,
    16.261793021847204,
    16.258313541738517,
    16.25598102234292,
    16.252789757957053,
    16.25126419291619,
    16.236160821626733,
    16.219032970013725,
    16.208539161565376,
    16.19782568700788,
    16.191477435902687,
    16.18443100125509,
    16.179344732526435,
    16.17241018650359,
    16.1677905309533,
    16.16364619582316,
    16.16030809589221,
    16.156638251843003,
    16.151941923319246,
    16.147717803398287,
    16.14501104178574,
    16.140868982916285,
    16.137939188496535,
    16.136124649203982,
    16.13204611835685,
    16.13051002126661,
    16.12621736593436,
    16.12452318080615,
    16.121482671692128,
    16.117857750079065,
    16.117138212580596,
    16.114146608408582,
    16.10977299528162,
    16.10790036370882,
    16.10658347155002,
    16.10427625051247,
    16.10244215833903,
    16.098298423227533,
    16.098102647708217,
    16.09434682797006,
    16.09333770856612,
    16.091369361157476,
    16.087696001893324,
    16.0880478069466,
    16.08481668876378,
    16.083230833548715
  ],
  "train_acc": [],
  "val_loss": [
    16.25329500658137,
    16.24430242186861,
    16.248293079450917,
    16.251556825991983,
    16.24693453078492,
    16.247516395754303,
    16.245318721227754,
    16.25301872049933,
    16.25124879498324,
    16.247959827909913,
    16.24141747978875,
    16.230033053488928,
    16.233376330414952,
    16.23989904611035,
    16.24808447655595,
    16.237113214682115,
    16.238976414182716,
    16.241884990128046,
    16.242915714374675,
    16.24453903870515,
    16.25504978535386,
    16.246071249467953,
    16.245136782577276,
    16.25133098612598,
    16.250343139231166,
    16.267460892604543,
    16.2489288086669,
    16.253360106927328,
    16.25374841271503,
    16.25019173168154,
    16.248363604342753,
    16.25063928698141,
    16.254902097198467,
    16.26278529595395,
    16.26723637796591,
    16.26597621551967,
    16.27351084405872,
    16.276583889865297,
    16.28529842538982,
    16.268449751772163,
    16.282955990056585,
    16.26515507102415,
    16.26611313185605,
    16.272064559931373,
    16.280792296858433,
    16.28598157430645,
    16.283792625159368,
    16.285250784174,
    16.28102159725501,
    16.306354258045967
  ],
  "val_acc": [],
  "val_precision": [],
  "val_recall": [],
  "val_f1": [],
  "val_auc": [],
  "learning_rates": [],
  "val_multi_auc": []
}