{
  "train_loss": [
    16.500721842323752,
    16.297236564651705,
    16.275043522222,
    16.26546878046087,
    16.259327432442078,
    16.25578083832051,
    16.25220021094721,
    16.250703711638153,
    16.2522159028011,
    16.248316163795963,
    16.2247442805355,
    16.208602445636192,
    16.19183358537114,
    16.177781673433156,
    16.167485846579908,
    16.156699242874815,
    16.147210228292284,
    16.14024267685434,
    16.135220437977733,
    16.124658703967906,
    16.11929067946751,
    16.11052745840728,
    16.101693409146936,
    16.09917250701136,
    16.090864181669126,
    16.08605442540994,
    16.080064928968014,
    16.077041332148784,
    16.065138563745766,
    16.06074898501876,
    16.053863787088734,
    16.051975684715078,
    16.044487001334794,
    16.036442572584818,
    16.036553960723403,
    16.030871512960573,
    16.0264352328192,
    16.02185948957796,
    16.018141163755544,
    16.01357793477189,
    16.01104763858177,
    16.010805598887227,
    16.001499696676575,
    15.999185025772194,
    15.995078433459632,
    15.990310576392412,
    15.991006281440226,
    15.986136815972381,
    15.979114663523609,
    15.978967195019445
  ],
  "train_acc": [],
  "val_loss": [
    16.238101240592098,
    16.196686181886868,
    16.20003711460894,
    16.203712615992554,
    16.189691805662456,
    16.194157912069524,
    16.187831006768103,
    16.21662107502424,
    16.20021171041794,
    16.186319163809912,
    16.218854595727812,
    16.20515599466513,
    16.218813114436713,
    16.23653441100085,
    16.238726183822394,
    16.243695944889748,
    16.233979855575406,
    16.23664184907737,
    16.231221443088693,
    16.217575275439174,
    16.194802717611967,
    16.189608328572646,
    16.206370373660853,
    16.2115741339509,
    16.2057893548279,
    16.194931113341624,
    16.18094510471877,
    16.21411816225432,
    16.172866046629913,
    16.172161010211582,
    16.21804153653595,
    16.180360986605276,
    16.19468753423182,
    16.185693073723463,
    16.19880301367987,
    16.205929126391776,
    16.185864840706486,
    16.17437448765602,
    16.197409446299037,
    16.192978312243167,
    16.182851273654524,
    16.19317154623543,
    16.19049108133052,
    16.174011770733944,
    16.203072759768673,
    16.197609666390324,
    16.189871250335468,
    16.227388972450477,
    16.17765113037233,
    16.221828047928177
  ],
  "val_acc": [],
  "val_precision": [],
  "val_recall": [],
  "val_f1": [],
  "val_auc": [],
  "learning_rates": [],
  "val_multi_auc": []
}