{
  "accuracy": 0.08638407193320488,
  "precision_per_class": [
    0.02127659574468085,
    0.0,
    0.06521739130434782,
    0.0,
    0.0,
    0.0,
    0.1,
    0.45495495495495497,
    0.07607833567201513,
    0.08876550502067336
  ],
  "recall_per_class": [
    0.0003252032520325203,
    0.0,
    0.0009044317154054868,
    0.0,
    0.0,
    0.0,
    0.0002012477359629704,
    0.004779029052711271,
    0.23234581702999813,
    0.7402955665024631
  ],
  "f1_per_class": [
    0.0006406149903907751,
    0.0,
    0.001784121320249777,
    0.0,
    0.0,
    0.0,
    0.0004016870857601928,
    0.009458700131110696,
    0.11462450592885376,
    0.15852320675105486
  ],
  "support_per_class": [
    3075,
    2779,
    3317,
    4428,
    3711,
    342,
    9938,
    21134,
    5367,
    5075
  ],
  "precision_avg": 0.1985830883010691,
  "recall_avg": 0.08638407193320488,
  "f1_avg": 0.02757453527238042,
  "auc": 0.5012778451639387,
  "confusion_matrix": [
    [
      1,
      0,
      1,
      5,
      2,
      3,
      0,
      19,
      766,
      2278
    ],
    [
      1,
      0,
      2,
      5,
      0,
      6,
      1,
      18,
      684,
      2062
    ],
    [
      3,
      0,
      3,
      0,
      2,
      4,
      1,
      19,
      919,
      2366
    ],
    [
      4,
      0,
      1,
      0,
      0,
      2,
      2,
      10,
      1280,
      3129
    ],
    [
      4,
      0,
      5,
      1,
      0,
      9,
      0,
      9,
      838,
      2845
    ],
    [
      0,
      0,
      0,
      0,
      0,
      0,
      0,
      1,
      104,
      237
    ],
    [
      3,
      2,
      6,
      0,
      0,
      12,
      2,
      18,
      2380,
      7515
    ],
    [
      21,
      2,
      22,
      0,
      2,
      37,
      10,
      101,
      6882,
      14057
    ],
    [
      2,
      0,
      4,
      0,
      3,
      10,
      3,
      19,
      1247,
      4079
    ],
    [
      8,
      0,
      2,
      1,
      0,
      7,
      1,
      8,
      1291,
      3757
    ]
  ],
  "class_names": [
    "Non-Tumor Cells",
    "Tumor Cells"
  ],
  "loss": 4.471796951694815,
  "multi_class_aucs": [
    0.5501392380239254,
    0.54823233515278,
    0.5406408769440563,
    0.5349168361609445,
    0.4465110281298722,
    0.4899962759362253,
    0.46668808708737003,
    0.5207309802448936,
    0.4169649505164405,
    0.5112754013420004
  ]
}