{
  "accuracy": 0.11743890301890965,
  "precision_per_class": [
    0.0,
    0.06132075471698113,
    0.004105090311986864,
    0.15873015873015872,
    0.0,
    0.0,
    0.0,
    0.16802610114192496,
    0.054466230936819175,
    0.33816425120772947
  ],
  "recall_per_class": [
    0.0,
    0.06860158311345646,
    0.0641025641025641,
    0.030864197530864196,
    0.0,
    0.0,
    0.0,
    0.8289738430583501,
    0.14150943396226415,
    0.05409582689335394
  ],
  "f1_per_class": [
    0.0,
    0.0647571606475716,
    0.007716049382716049,
    0.05167958656330749,
    0.0,
    0.0,
    0.0,
    0.2794167514411665,
    0.07865757734661773,
    0.09327115256495669
  ],
  "support_per_class": [
    859,
    1137,
    78,
    324,
    1485,
    855,
    1487,
    994,
    530,
    1294
  ],
  "precision_avg": 0.08348336332859708,
  "recall_avg": 0.11743890301890965,
  "f1_avg": 0.05873013025543882,
  "auc": 0.5375169364980897,
  "confusion_matrix": [
    [
      0,
      32,
      27,
      5,
      0,
      0,
      0,
      609,
      151,
      35
    ],
    [
      0,
      78,
      26,
      10,
      0,
      0,
      0,
      857,
      132,
      34
    ],
    [
      0,
      16,
      5,
      1,
      0,
      0,
      0,
      34,
      18,
      4
    ],
    [
      1,
      20,
      8,
      10,
      0,
      0,
      0,
      152,
      97,
      36
    ],
    [
      1,
      220,
      136,
      12,
      0,
      0,
      0,
      865,
      244,
      7
    ],
    [
      0,
      198,
      163,
      12,
      0,
      0,
      0,
      352,
      124,
      6
    ],
    [
      0,
      339,
      559,
      0,
      0,
      0,
      0,
      363,
      226,
      0
    ],
    [
      0,
      39,
      65,
      2,
      0,
      0,
      0,
      824,
      50,
      14
    ],
    [
      0,
      126,
      125,
      6,
      0,
      0,
      0,
      197,
      75,
      1
    ],
    [
      0,
      204,
      104,
      5,
      0,
      0,
      0,
      651,
      260,
      70
    ]
  ],
  "class_names": [
    "Non-Tumor Cells",
    "Tumor Cells"
  ],
  "loss": 2.718556127676879,
  "multi_class_aucs": [
    0.39543539909212666,
    0.32606788516164315,
    0.44861641426058607,
    0.665481869452126,
    0.5507173704051185,
    0.55500047137874,
    0.5522046460180929,
    0.7816873910877364,
    0.49131805075035073,
    0.6186984689453872
  ]
}