{
  "accuracy": 0.3510284776847684,
  "precision_per_class": [
    0.16598694942903752,
    0.24958263772954925,
    0.022888713496448304,
    0.235,
    0.0,
    0.0,
    0.23550295857988165,
    0.25475285171102663,
    0.4438202247191011,
    0.6135675348273774,
    0.17953321364452424,
    0.21178432462479155
  ],
  "recall_per_class": [
    0.21823056300268096,
    0.2904322486644002,
    0.14427860696517414,
    0.25706472196900637,
    0.0,
    0.0,
    0.05293961159882948,
    0.08953229398663697,
    0.6477622138708575,
    0.6358073120979131,
    0.2540220152413209,
    0.19136112506278252
  ],
  "f1_per_class": [
    0.18855686819550613,
    0.2684624017957351,
    0.039509536784741145,
    0.2455376578145407,
    0.0,
    0.0,
    0.08644656820156386,
    0.13249835201054713,
    0.526739824975691,
    0.6244894813901518,
    0.21037868162692847,
    0.20105540897097626
  ],
  "support_per_class": [
    1865,
    2059,
    201,
    1097,
    9,
    66,
    3759,
    2245,
    2927,
    6373,
    1181,
    1991
  ],
  "precision_avg": 0.3527550889423271,
  "recall_avg": 0.3510284776847684,
  "f1_avg": 0.3354447397046052,
  "auc": 0.7224007813235073,
  "confusion_matrix": [
    [
      407,
      249,
      158,
      97,
      14,
      17,
      50,
      82,
      122,
      384,
      159,
      126
    ],
    [
      389,
      598,
      201,
      179,
      35,
      6,
      54,
      61,
      117,
      278,
      39,
      102
    ],
    [
      24,
      48,
      29,
      25,
      4,
      2,
      7,
      4,
      11,
      36,
      2,
      9
    ],
    [
      177,
      102,
      82,
      282,
      21,
      2,
      17,
      31,
      52,
      273,
      34,
      24
    ],
    [
      0,
      1,
      0,
      0,
      0,
      0,
      1,
      1,
      4,
      2,
      0,
      0
    ],
    [
      5,
      4,
      1,
      3,
      1,
      0,
      1,
      1,
      3,
      44,
      1,
      2
    ],
    [
      541,
      531,
      369,
      169,
      119,
      22,
      199,
      174,
      602,
      524,
      249,
      260
    ],
    [
      231,
      195,
      122,
      36,
      33,
      12,
      138,
      201,
      568,
      350,
      238,
      121
    ],
    [
      148,
      241,
      94,
      32,
      86,
      3,
      83,
      66,
      1896,
      81,
      120,
      77
    ],
    [
      204,
      135,
      109,
      282,
      19,
      15,
      80,
      100,
      465,
      4052,
      322,
      590
    ],
    [
      83,
      52,
      46,
      43,
      11,
      6,
      84,
      36,
      206,
      207,
      300,
      107
    ],
    [
      243,
      240,
      56,
      52,
      38,
      12,
      131,
      32,
      226,
      373,
      207,
      381
    ]
  ],
  "class_names": [
    "Non-tumor",
    "Tumor"
  ],
  "multi_class_aucs": [
    0.6715771559448456,
    0.7709422903950303,
    0.7048190660476676,
    0.7761390974245738,
    0.7493921711646001,
    0.41088618500353435,
    0.6637292907999781,
    0.7001892081912902,
    0.8684249842853317,
    0.8545304003419598,
    0.7276632583180815,
    0.6501592927055231
  ]
}