{
  "train_loss": [
    2.3791829976118843
  ],
  "train_acc": [
    0.374737244410472
  ],
  "val_loss": [
    2.5556116795422517
  ],
  "val_acc": [
    0.06149833845118412
  ],
  "val_precision": [
    0.15956656448783624
  ],
  "val_recall": [
    0.06149833845118412
  ],
  "val_f1": [
    0.031649391782112575
  ],
  "val_auc": [
    0.4870143172759146
  ],
  "learning_rates": [
    0.001
  ],
  "val_multi_auc": [
    [
      0.4406521715719795,
      0.42844548113063086,
      0.4608886460283007,
      0.4421885454533468,
      0.48536535188613966,
      0.2672356713462716,
      0.5847904272276765,
      0.5292393642422693,
      0.40515018115996065,
      0.5718663506784188,
      0.5211305718733584,
      0.5312331139747817
    ]
  ]
}