{
  "accuracy": 0.4338322844021092,
  "precision_per_class": [
    0.1207219878105954,
    0.20786066231236394,
    0.5401596806387226,
    0.11233177698434496,
    0.29381063141771147,
    0.13149714450950625,
    0.486569168780779,
    0.7424349173917638,
    0.3294303961784101,
    0.06405693950177936
  ],
  "recall_per_class": [
    0.054939193513974825,
    0.15985195629185758,
    0.4375424413904608,
    0.11924198250728862,
    0.3316257924057117,
    0.5298572676958928,
    0.1557960626911315,
    0.8733967385673732,
    0.41186017072933234,
    0.19285714285714287
  ],
  "f1_per_class": [
    0.07551319648093842,
    0.1807222914072229,
    0.48346583296114337,
    0.11568377881487767,
    0.31157502105643126,
    0.2107031159504228,
    0.23602012378298165,
    0.8026086542581045,
    0.36606228453560663,
    0.09617097061442564
  ],
  "support_per_class": [
    9374,
    11348,
    30925,
    3430,
    15617,
    6866,
    41856,
    48261,
    30809,
    1400
  ],
  "precision_avg": 0.46279918714374196,
  "recall_avg": 0.4338322844021092,
  "f1_avg": 0.42246798203797326,
  "auc": 0.8101071314459642,
  "confusion_matrix": [
    [
      515,
      992,
      3033,
      337,
      1357,
      287,
      551,
      575,
      1317,
      410
    ],
    [
      538,
      1814,
      2355,
      293,
      1247,
      247,
      550,
      2039,
      1789,
      476
    ],
    [
      1667,
      2886,
      13531,
      1539,
      2815,
      448,
      971,
      1477,
      4939,
      652
    ],
    [
      84,
      123,
      717,
      409,
      283,
      321,
      113,
      223,
      860,
      297
    ],
    [
      622,
      970,
      1451,
      531,
      5179,
      859,
      1075,
      1414,
      2438,
      1078
    ],
    [
      19,
      29,
      80,
      35,
      773,
      3638,
      319,
      290,
      1515,
      168
    ],
    [
      314,
      439,
      898,
      34,
      1735,
      16625,
      6521,
      4396,
      10814,
      80
    ],
    [
      85,
      365,
      242,
      100,
      1735,
      307,
      887,
      42151,
      1903,
      486
    ],
    [
      394,
      1004,
      2597,
      288,
      2218,
      4859,
      2340,
      4122,
      12689,
      298
    ],
    [
      28,
      105,
      146,
      75,
      285,
      75,
      75,
      87,
      254,
      270
    ]
  ],
  "class_names": [
    "Non-Tumor Cells",
    "Tumor Cells"
  ],
  "loss": 0,
  "multi_class_aucs": [
    0.78107308658541,
    0.7468503977770392,
    0.8589818294901297,
    0.7498428033974862,
    0.8052169315598714,
    0.8288149559745819,
    0.8388915943576889,
    0.9452004195447764,
    0.7145933653179438,
    0.7990737561915126
  ]
}